clip,class_id,split,status,frames,fps,pose_rate,face_rate,lh_rate,rh_rate,any_hand_rate,brightness,seconds
74/6.MOV,74,train,ok,244,60.0,1.0,1.0,0.0,0.279,0.279,1.0,21.1
17/6.MOV,17,train,ok,243,60.0,1.0,1.0,0.305,0.362,0.37,1.0,22.3
8/17.MOV,8,train,ok,242,60.0,1.0,1.0,0.0,0.417,0.417,1.0,22.4
4/2.MOV,4,train,ok,243,60.0,1.0,1.0,0.267,0.453,0.453,1.0,22.5
62/1.MOV,62,train,ok,244,60.0,1.0,1.0,0.0,0.553,0.553,1.0,23.0
10/0.MOV,10,train,ok,245,60.0,1.0,1.0,0.0,0.518,0.518,1.0,23.2
14/15.MOV,14,train,ok,244,60.0,1.0,1.0,0.0,0.311,0.311,1.0,24.5
91/14.MOV,91,train,ok,243,60.0,1.0,1.0,0.3,0.313,0.321,1.0,23.3
3/8.MOV,3,train,ok,244,60.0,1.0,1.0,0.0,0.275,0.275,1.0,23.3
91/18.MOV,91,train,ok,243,60.0,1.0,1.0,0.362,0.35,0.424,1.0,23.0
14/20.MOV,14,train,ok,244,60.0,1.0,1.0,0.0,0.381,0.381,1.0,24.0
1/0.MOV,1,train,ok,244,60.0,1.0,1.0,0.008,0.512,0.512,1.0,23.8
89/10.MOV,89,train,ok,244,60.0,1.0,1.0,0.0,0.332,0.332,1.0,23.6
89/12.MOV,89,train,ok,244,60.0,1.0,1.0,0.0,0.357,0.357,1.0,23.4
17/7.MOV,17,train,ok,243,60.0,1.0,1.0,0.263,0.35,0.354,1.0,24.0
51/0.MOV,51,train,ok,243,60.0,1.0,1.0,0.0,0.333,0.333,1.0,24.0
86/5.MOV,86,train,ok,244,60.0,1.0,1.0,0.328,0.311,0.336,1.0,23.6
53/19.MOV,53,train,ok,244,60.0,1.0,1.0,0.0,0.389,0.389,1.0,24.2
55/9.MOV,55,train,ok,244,60.0,1.0,1.0,0.234,0.316,0.357,1.0,23.0
91/10.MOV,91,train,ok,243,60.0,1.0,1.0,0.358,0.358,0.383,1.0,23.5
67/2.MOV,67,train,ok,244,60.0,1.0,1.0,0.0,0.283,0.283,1.0,24.0
0/18.MOV,0,train,ok,244,60.0,1.0,1.0,0.0,0.5,0.5,1.0,24.1
64/9.MOV,64,train,ok,244,60.0,1.0,1.0,0.0,0.393,0.393,1.0,24.0
4/20.MOV,4,train,ok,243,60.0,1.0,1.0,0.337,0.527,0.535,1.0,24.0
89/7.MOV,89,train,ok,244,60.0,1.0,1.0,0.0,0.344,0.344,1.0,23.9
5/10.MOV,5,train,ok,243,60.0,1.0,1.0,0.0,0.263,0.263,1.0,22.2
86/6.MOV,86,train,ok,244,60.0,1.0,1.0,0.324,0.324,0.336,1.0,24.0
52/10.MOV,52,train,ok,245,60.0,1.0,1.0,0.0,0.306,0.306,1.0,24.2
16/10.MOV,16,train,ok,243,60.0,1.0,1.0,0.0,0.284,0.284,1.0,23.3
14/3.MOV,14,train,ok,244,60.0,1.0,1.0,0.0,0.295,0.295,1.0,24.1
22/5.MOV,22,train,ok,244,60.0,1.0,1.0,0.0,0.275,0.275,1.0,21.3
96/14.MOV,96,train,ok,244,60.0,1.0,1.0,0.27,0.283,0.287,1.0,21.6
4/15.MOV,4,train,ok,243,60.0,1.0,1.0,0.255,0.399,0.403,1.0,21.7
63/10.MOV,63,train,ok,244,60.0,1.0,1.0,0.0,0.357,0.357,1.0,21.1
2/2.MOV,2,train,ok,244,60.0,1.0,1.0,0.0,0.467,0.467,1.0,21.5
54/6.MOV,54,train,ok,244,60.0,1.0,1.0,0.107,0.324,0.34,1.0,21.8
66/16.MOV,66,train,ok,244,60.0,1.0,1.0,0.0,0.34,0.34,1.0,22.5
24/12.MOV,24,train,ok,244,60.0,1.0,1.0,0.0,0.238,0.238,1.0,22.8
1/2.MOV,1,train,ok,244,60.0,1.0,1.0,0.0,0.439,0.439,1.0,22.2
4/16.MOV,4,train,ok,243,60.0,1.0,1.0,0.296,0.37,0.44,1.0,22.2
66/0.MOV,66,train,ok,244,60.0,1.0,1.0,0.0,0.381,0.381,1.0,22.7
22/14.MOV,22,train,ok,244,60.0,1.0,1.0,0.0,0.25,0.25,1.0,22.9
7/12.MOV,7,train,ok,243,60.0,1.0,1.0,0.276,0.28,0.28,1.0,21.9
76/11.MOV,76,train,ok,244,60.0,1.0,1.0,0.0,0.275,0.275,1.0,21.3
22/16.MOV,22,train,ok,244,60.0,1.0,1.0,0.0,0.299,0.299,1.0,21.9
1/15.MOV,1,train,ok,244,60.0,1.0,1.0,0.0,0.475,0.475,1.0,21.9
74/16.MOV,74,train,ok,244,60.0,1.0,1.0,0.0,0.254,0.254,1.0,21.4
3/1.MOV,3,train,ok,244,60.0,1.0,1.0,0.0,0.27,0.27,1.0,21.6
57/18.MOV,57,train,ok,244,60.0,1.0,1.0,0.0,0.402,0.402,1.0,24.6
53/12.MOV,53,train,ok,244,60.0,1.0,1.0,0.0,0.201,0.201,1.0,24.6
11/4.MOV,11,train,ok,244,60.0,1.0,1.0,0.0,0.344,0.344,1.0,25.4
1/12.MOV,1,train,ok,244,60.0,1.0,1.0,0.0,0.43,0.43,1.0,24.9
21/9.MOV,21,train,ok,244,60.0,1.0,1.0,0.0,0.336,0.336,1.0,25.5
95/15.MOV,95,train,ok,245,60.0,1.0,1.0,0.0,0.318,0.318,1.0,24.8
12/17.MOV,12,train,ok,244,60.0,1.0,1.0,0.0,0.389,0.389,1.0,21.1
53/15.MOV,53,train,ok,244,60.0,1.0,1.0,0.0,0.34,0.34,1.0,20.7
77/0.MOV,77,train,ok,244,60.0,1.0,1.0,0.0,0.311,0.311,1.0,21.3
56/13.MOV,56,train,ok,244,60.0,1.0,1.0,0.0,0.443,0.443,1.0,21.1
21/18.MOV,21,train,ok,244,60.0,1.0,1.0,0.0,0.32,0.32,1.0,20.9
6/21.MOV,6,train,ok,243,60.0,1.0,1.0,0.457,0.473,0.473,1.0,21.3
96/1.MOV,96,train,ok,244,60.0,1.0,1.0,0.418,0.43,0.447,1.0,21.9
51/16.MOV,51,train,ok,242,60.0,1.0,1.0,0.0,0.31,0.31,1.0,21.7
89/6.MOV,89,train,ok,244,60.0,1.0,1.0,0.0,0.344,0.344,1.0,21.3
7/1.MOV,7,train,ok,243,60.0,1.0,1.0,0.329,0.342,0.342,1.0,21.9
62/5.MOV,62,train,ok,245,60.0,1.0,1.0,0.0,0.298,0.298,1.0,22.0
74/12.MOV,74,train,ok,244,60.0,1.0,1.0,0.0,0.34,0.34,1.0,21.7
55/6.MOV,55,train,ok,244,60.0,1.0,1.0,0.135,0.324,0.328,1.0,23.9
16/0.MOV,16,train,ok,243,60.0,1.0,1.0,0.021,0.362,0.362,1.0,24.3
20/3.MOV,20,train,ok,244,60.0,1.0,1.0,0.0,0.32,0.32,1.0,24.7
15/8.MOV,15,train,ok,243,60.0,1.0,1.0,0.0,0.37,0.37,1.0,24.9
62/7.MOV,62,train,ok,244,60.0,1.0,1.0,0.0,0.303,0.303,1.0,24.3
89/8.MOV,89,train,ok,244,60.0,1.0,1.0,0.0,0.336,0.336,1.0,25.6
24/3.MOV,24,train,ok,244,60.0,1.0,1.0,0.0,0.295,0.295,1.0,21.9
89/17.MOV,89,train,ok,244,60.0,1.0,1.0,0.0,0.463,0.463,1.0,22.5
55/3.MOV,55,train,ok,244,60.0,1.0,1.0,0.324,0.234,0.393,1.0,21.5
65/3.MOV,65,train,ok,244,60.0,1.0,1.0,0.0,0.406,0.406,1.0,22.0
24/2.MOV,24,train,ok,244,60.0,1.0,1.0,0.0,0.295,0.295,1.0,22.0
16/18.MOV,16,train,ok,243,60.0,1.0,1.0,0.0,0.428,0.428,1.0,22.1
11/0.MOV,11,train,ok,244,60.0,1.0,1.0,0.0,0.496,0.496,1.0,22.1
21/0.MOV,21,train,ok,244,60.0,1.0,1.0,0.0,0.295,0.295,1.0,22.3
57/15.MOV,57,train,ok,244,60.0,1.0,1.0,0.0,0.369,0.369,1.0,23.0
21/6.MOV,21,train,ok,244,60.0,1.0,1.0,0.0,0.266,0.266,1.0,22.9
1/3.MOV,1,train,ok,244,60.0,1.0,1.0,0.0,0.492,0.492,1.0,21.9
11/19.MOV,11,train,ok,244,60.0,1.0,1.0,0.0,0.373,0.373,1.0,22.2
64/0.MOV,64,train,ok,244,60.0,1.0,1.0,0.004,0.41,0.41,1.0,23.1
15/14.MOV,15,train,ok,243,60.0,1.0,1.0,0.0,0.276,0.276,1.0,22.7
14/19.MOV,14,train,ok,244,60.0,1.0,1.0,0.0,0.357,0.357,1.0,23.9
1/11.MOV,1,train,ok,244,60.0,1.0,1.0,0.0,0.455,0.455,1.0,23.1
66/4.MOV,66,train,ok,244,60.0,1.0,1.0,0.0,0.369,0.369,1.0,23.4
10/11.MOV,10,train,ok,245,60.0,1.0,1.0,0.0,0.306,0.306,1.0,24.1
12/13.MOV,12,train,ok,244,60.0,1.0,1.0,0.0,0.295,0.295,1.0,23.9
3/9.MOV,3,train,ok,244,60.0,1.0,1.0,0.0,0.246,0.246,1.0,22.9
86/9.MOV,86,train,ok,244,60.0,1.0,1.0,0.328,0.32,0.332,1.0,23.5
19/15.MOV,19,train,ok,242,60.0,1.0,1.0,0.0,0.318,0.318,1.0,23.5
15/1.MOV,15,train,ok,243,60.0,1.0,1.0,0.0,0.366,0.366,1.0,23.1
4/14.MOV,4,train,ok,243,60.0,1.0,1.0,0.259,0.42,0.424,1.0,24.7
85/6.MOV,85,train,ok,245,60.0,1.0,1.0,0.412,0.351,0.412,1.0,27.4
49/4.MOV,49,train,ok,243,60.0,1.0,1.0,0.239,0.251,0.251,1.0,27.3
52/15.MOV,52,train,ok,245,60.0,1.0,1.0,0.0,0.433,0.433,1.0,27.6
23/11.MOV,23,train,ok,244,60.0,1.0,1.0,0.0,0.217,0.217,1.0,27.4
57/13.MOV,57,train,ok,244,60.0,1.0,1.0,0.0,0.295,0.295,1.0,27.9
62/18.MOV,62,train,ok,244,60.0,1.0,1.0,0.0,0.262,0.262,1.0,27.9
76/5.MOV,76,train,ok,244,60.0,1.0,1.0,0.0,0.303,0.303,1.0,31.3
8/18.MOV,8,train,ok,242,60.0,1.0,1.0,0.0,0.5,0.5,1.0,31.0
66/9.MOV,66,train,ok,244,60.0,1.0,1.0,0.0,0.291,0.291,1.0,32.0
74/0.MOV,74,train,ok,244,60.0,1.0,1.0,0.0,0.373,0.373,1.0,32.6
11/8.MOV,11,train,ok,244,60.0,1.0,1.0,0.0,0.352,0.352,1.0,32.2
16/14.MOV,16,train,ok,243,60.0,1.0,1.0,0.0,0.3,0.3,1.0,32.2
66/19.MOV,66,train,ok,244,60.0,1.0,1.0,0.0,0.381,0.381,1.0,29.4
62/17.MOV,62,train,ok,244,60.0,1.0,1.0,0.0,0.439,0.439,1.0,28.7
16/13.MOV,16,train,ok,243,60.0,1.0,1.0,0.0,0.3,0.3,1.0,29.0
66/13.MOV,66,train,ok,244,60.0,1.0,1.0,0.0,0.275,0.275,1.0,29.8
51/9.MOV,51,train,ok,242,60.0,1.0,1.0,0.0,0.322,0.322,1.0,29.2
22/2.MOV,22,train,ok,244,60.0,1.0,1.0,0.0,0.332,0.332,1.0,29.9
15/11.MOV,15,train,ok,243,60.0,1.0,1.0,0.0,0.321,0.321,1.0,31.0
76/6.MOV,76,train,ok,244,60.0,1.0,1.0,0.0,0.32,0.32,1.0,29.3
62/13.MOV,62,train,ok,244,60.0,1.0,1.0,0.0,0.369,0.369,1.0,30.9
12/9.MOV,12,train,ok,244,60.0,1.0,1.0,0.0,0.34,0.34,1.0,31.0
77/18.MOV,77,train,ok,244,60.0,1.0,1.0,0.0,0.311,0.311,1.0,31.5
15/5.MOV,15,train,ok,244,60.0,1.0,1.0,0.0,0.316,0.316,1.0,30.8
19/20.MOV,19,train,ok,242,60.0,1.0,1.0,0.0,0.479,0.479,1.0,27.4
51/4.MOV,51,train,ok,243,60.0,1.0,1.0,0.0,0.337,0.337,1.0,27.2
11/18.MOV,11,train,ok,244,60.0,1.0,1.0,0.0,0.418,0.418,1.0,27.7
67/3.MOV,67,train,ok,244,60.0,1.0,1.0,0.0,0.279,0.279,1.0,27.4
21/4.MOV,21,train,ok,244,60.0,1.0,1.0,0.0,0.311,0.311,1.0,27.5
13/2.MOV,13,train,ok,244,60.0,1.0,1.0,0.0,0.32,0.32,1.0,27.6
66/17.MOV,66,train,ok,244,60.0,1.0,1.0,0.0,0.385,0.385,1.0,24.7
57/5.MOV,57,train,ok,243,60.0,1.0,1.0,0.0,0.272,0.272,1.0,23.4
22/19.MOV,22,train,ok,244,60.0,1.0,1.0,0.0,0.307,0.307,1.0,24.1
89/13.MOV,89,train,ok,244,60.0,1.0,1.0,0.0,0.344,0.344,1.0,25.0
21/11.MOV,21,train,ok,244,60.0,1.0,1.0,0.0,0.23,0.23,1.0,24.9
4/6.MOV,4,train,ok,244,60.0,1.0,1.0,0.246,0.377,0.377,1.0,23.3
76/0.MOV,76,train,ok,244,60.0,1.0,1.0,0.0,0.369,0.369,1.0,22.6
13/5.MOV,13,train,ok,244,60.0,1.0,1.0,0.0,0.328,0.328,1.0,22.9
19/19.MOV,19,train,ok,242,60.0,1.0,1.0,0.0,0.368,0.368,1.0,22.3
95/13.MOV,95,train,ok,244,60.0,1.0,1.0,0.0,0.311,0.311,1.0,22.8
5/17.MOV,5,train,ok,243,60.0,1.0,1.0,0.0,0.457,0.457,1.0,22.1
17/16.MOV,17,train,ok,243,60.0,1.0,1.0,0.321,0.23,0.325,1.0,22.6
10/8.MOV,10,train,ok,244,60.0,1.0,1.0,0.0,0.295,0.295,1.0,23.3
23/6.MOV,23,train,ok,244,60.0,1.0,1.0,0.0,0.283,0.283,1.0,23.3
4/12.MOV,4,train,ok,244,60.0,1.0,1.0,0.254,0.393,0.398,1.0,23.1
18/20.MOV,18,train,ok,243,60.0,1.0,1.0,0.412,0.391,0.457,1.0,23.4
53/16.MOV,53,train,ok,244,60.0,1.0,1.0,0.0,0.242,0.242,1.0,23.6
19/17.MOV,19,train,ok,243,60.0,1.0,1.0,0.0,0.42,0.42,1.0,22.8
53/6.MOV,53,train,ok,244,60.0,1.0,1.0,0.0,0.275,0.275,1.0,19.2
9/3.MOV,9,train,ok,242,60.0,1.0,1.0,0.0,0.488,0.488,1.0,20.7
67/4.MOV,67,train,ok,243,60.0,1.0,1.0,0.0,0.255,0.255,1.0,20.9
5/13.MOV,5,train,ok,243,60.0,1.0,1.0,0.0,0.346,0.346,1.0,20.7
4/10.MOV,4,train,ok,244,60.0,1.0,1.0,0.262,0.377,0.381,1.0,21.1
8/4.MOV,8,train,ok,242,60.0,1.0,1.0,0.0,0.388,0.388,1.0,20.6
62/4.MOV,62,train,ok,244,60.0,1.0,1.0,0.0,0.422,0.422,1.0,22.6
63/19.MOV,63,train,ok,244,60.0,1.0,1.0,0.0,0.275,0.275,1.0,23.4
14/18.MOV,14,train,ok,244,60.0,1.0,1.0,0.0,0.381,0.381,1.0,22.4
49/12.MOV,49,train,ok,243,60.0,1.0,1.0,0.247,0.123,0.267,1.0,22.3
3/18.MOV,3,train,ok,244,60.0,1.0,1.0,0.0,0.389,0.389,1.0,23.1
57/0.MOV,57,train,ok,244,60.0,1.0,1.0,0.0,0.324,0.324,1.0,23.4
6/16.MOV,6,train,ok,243,60.0,1.0,1.0,0.428,0.391,0.465,1.0,22.1
57/17.MOV,57,train,ok,244,60.0,1.0,1.0,0.0,0.393,0.393,1.0,23.0
20/4.MOV,20,train,ok,244,60.0,1.0,1.0,0.0,0.283,0.283,1.0,23.0
52/8.MOV,52,train,ok,244,60.0,1.0,1.0,0.0,0.234,0.234,1.0,21.7
54/19.MOV,54,train,ok,244,60.0,1.0,0.988,0.443,0.545,0.545,1.0,23.2
57/1.MOV,57,train,ok,244,60.0,1.0,1.0,0.004,0.287,0.287,1.0,22.4
9/10.MOV,9,train,ok,243,60.0,1.0,1.0,0.0,0.374,0.374,1.0,23.2
51/1.MOV,51,train,ok,243,60.0,1.0,1.0,0.0,0.313,0.313,1.0,23.8
3/5.MOV,3,train,ok,244,60.0,1.0,1.0,0.0,0.254,0.254,1.0,23.5
52/0.MOV,52,train,ok,245,60.0,1.0,1.0,0.0,0.404,0.404,1.0,24.2
11/11.MOV,11,train,ok,244,60.0,1.0,1.0,0.0,0.344,0.344,1.0,24.1
95/16.MOV,95,train,ok,245,60.0,1.0,1.0,0.0,0.359,0.359,1.0,23.9
49/14.MOV,49,train,ok,243,60.0,1.0,1.0,0.14,0.218,0.235,1.0,24.4
18/12.MOV,18,train,ok,243,60.0,1.0,1.0,0.202,0.407,0.407,1.0,23.7
13/16.MOV,13,train,ok,244,60.0,1.0,1.0,0.0,0.336,0.336,1.0,23.2
57/6.MOV,57,train,ok,243,60.0,1.0,1.0,0.0,0.272,0.272,1.0,22.8
1/4.MOV,1,train,ok,244,60.0,1.0,1.0,0.0,0.5,0.5,1.0,24.2
19/3.MOV,19,train,ok,243,60.0,1.0,1.0,0.0,0.292,0.292,1.0,24.0
95/11.MOV,95,train,ok,245,60.0,1.0,1.0,0.0,0.335,0.335,1.0,24.8
96/3.MOV,96,train,ok,244,60.0,1.0,1.0,0.393,0.361,0.406,1.0,23.8
3/0.MOV,3,train,ok,244,60.0,1.0,1.0,0.0,0.316,0.316,1.0,23.9
12/19.MOV,12,train,ok,244,60.0,1.0,1.0,0.0,0.352,0.352,1.0,23.7
24/4.MOV,24,train,ok,244,60.0,1.0,1.0,0.0,0.287,0.287,1.0,24.0
56/3.MOV,56,train,ok,244,60.0,1.0,1.0,0.0,0.389,0.389,1.0,23.9
77/1.MOV,77,train,ok,244,60.0,1.0,1.0,0.0,0.324,0.324,1.0,24.0
89/0.MOV,89,train,ok,244,60.0,1.0,1.0,0.0,0.467,0.467,1.0,23.3
23/10.MOV,23,train,ok,244,60.0,1.0,1.0,0.0,0.246,0.246,1.0,23.6
6/12.MOV,6,train,ok,243,60.0,1.0,1.0,0.453,0.44,0.49,1.0,22.6
55/8.MOV,55,train,ok,244,60.0,1.0,1.0,0.193,0.266,0.287,1.0,22.8
50/10.MOV,50,train,ok,243,60.0,1.0,1.0,0.0,0.259,0.259,1.0,24.0
7/2.MOV,7,train,ok,243,60.0,1.0,1.0,0.354,0.358,0.362,1.0,23.3
95/7.MOV,95,train,ok,244,60.0,1.0,1.0,0.0,0.369,0.369,1.0,23.5
56/5.MOV,56,train,ok,244,60.0,1.0,1.0,0.0,0.291,0.291,1.0,22.6
56/10.MOV,56,train,ok,244,60.0,1.0,0.996,0.0,0.332,0.332,1.0,23.3
2/4.MOV,2,train,ok,244,60.0,1.0,1.0,0.008,0.443,0.443,1.0,22.9
13/4.MOV,13,train,ok,244,60.0,1.0,1.0,0.0,0.344,0.344,1.0,23.3
66/7.MOV,66,train,ok,244,60.0,1.0,1.0,0.0,0.266,0.266,1.0,23.8
54/18.MOV,54,train,ok,244,60.0,1.0,0.988,0.402,0.467,0.467,1.0,24.4
52/19.MOV,52,train,ok,244,60.0,1.0,1.0,0.0,0.492,0.492,1.0,24.8
24/1.MOV,24,train,ok,244,60.0,1.0,1.0,0.0,0.287,0.287,1.0,24.5
0/10.MOV,0,train,ok,245,60.0,1.0,1.0,0.0,0.437,0.437,1.0,24.9
56/14.MOV,56,train,ok,244,60.0,1.0,1.0,0.0,0.439,0.439,1.0,24.4
50/14.MOV,50,train,ok,243,60.0,1.0,1.0,0.0,0.296,0.296,1.0,23.3
17/3.MOV,17,train,ok,243,60.0,1.0,1.0,0.025,0.28,0.28,1.0,23.0
8/16.MOV,8,train,ok,242,60.0,1.0,1.0,0.0,0.517,0.517,1.0,23.5
1/14.MOV,1,train,ok,244,60.0,1.0,1.0,0.0,0.422,0.422,1.0,23.6
20/1.MOV,20,train,ok,245,60.0,1.0,1.0,0.0,0.363,0.363,1.0,23.0
3/16.MOV,3,train,ok,244,60.0,1.0,1.0,0.0,0.369,0.369,1.0,23.4
22/3.MOV,22,train,ok,244,60.0,1.0,1.0,0.0,0.295,0.295,1.0,24.5
77/16.MOV,77,train,ok,244,60.0,1.0,1.0,0.0,0.496,0.496,1.0,23.9
51/12.MOV,51,train,ok,243,60.0,1.0,1.0,0.0,0.329,0.329,1.0,23.6
23/7.MOV,23,train,ok,244,60.0,1.0,1.0,0.0,0.266,0.266,1.0,23.6
55/15.MOV,55,train,ok,244,60.0,1.0,1.0,0.377,0.365,0.455,1.0,24.0
21/12.MOV,21,train,ok,244,60.0,1.0,1.0,0.0,0.238,0.238,1.0,24.0
49/10.MOV,49,train,ok,243,60.0,1.0,1.0,0.292,0.247,0.3,1.0,24.1
21/13.MOV,21,train,ok,244,60.0,1.0,1.0,0.0,0.217,0.217,1.0,24.1
67/8.MOV,67,train,ok,244,60.0,1.0,1.0,0.0,0.254,0.254,1.0,24.2
72/18.MOV,72,train,ok,244,60.0,1.0,1.0,0.0,0.344,0.344,1.0,24.2
55/14.MOV,55,train,ok,244,60.0,1.0,1.0,0.049,0.184,0.189,1.0,24.3
18/0.MOV,18,train,ok,243,60.0,1.0,1.0,0.276,0.449,0.486,1.0,24.3
7/7.MOV,7,train,ok,243,60.0,1.0,1.0,0.321,0.305,0.321,1.0,23.3
85/11.MOV,85,train,ok,245,60.0,1.0,1.0,0.322,0.286,0.322,1.0,23.2
76/1.MOV,76,train,ok,244,60.0,1.0,1.0,0.0,0.357,0.357,1.0,23.5
1/1.MOV,1,train,ok,244,60.0,1.0,1.0,0.0,0.451,0.451,1.0,23.5
76/3.MOV,76,train,ok,244,60.0,1.0,1.0,0.0,0.332,0.332,1.0,24.0
96/10.MOV,96,train,ok,244,60.0,1.0,1.0,0.34,0.328,0.357,1.0,23.5
72/7.MOV,72,train,ok,244,60.0,1.0,1.0,0.0,0.291,0.291,1.0,22.4
9/14.MOV,9,train,ok,242,60.0,1.0,1.0,0.0,0.421,0.421,1.0,23.5
10/4.MOV,10,train,ok,244,60.0,1.0,1.0,0.008,0.422,0.426,1.0,24.0
66/3.MOV,66,train,ok,244,60.0,1.0,1.0,0.0,0.369,0.369,1.0,23.7
4/0.MOV,4,train,ok,244,60.0,1.0,1.0,0.316,0.451,0.451,1.0,23.9
56/2.MOV,56,train,ok,244,60.0,1.0,1.0,0.0,0.381,0.381,1.0,24.0
64/18.MOV,64,train,ok,244,60.0,1.0,1.0,0.0,0.467,0.467,1.0,23.5
20/2.MOV,20,train,ok,244,60.0,1.0,1.0,0.0,0.307,0.307,1.0,23.6
7/10.MOV,7,train,ok,243,60.0,1.0,1.0,0.272,0.276,0.276,1.0,23.1
24/7.MOV,24,train,ok,244,60.0,1.0,1.0,0.012,0.262,0.262,1.0,23.8
0/13.MOV,0,train,ok,244,60.0,1.0,1.0,0.0,0.455,0.455,1.0,24.0
23/1.MOV,23,train,ok,244,60.0,1.0,1.0,0.0,0.275,0.275,1.0,24.2
49/5.MOV,49,train,ok,243,60.0,1.0,1.0,0.28,0.284,0.284,1.0,23.3
85/9.MOV,85,train,ok,244,60.0,1.0,1.0,0.389,0.34,0.389,1.0,24.0
1/18.MOV,1,train,ok,244,60.0,1.0,1.0,0.0,0.467,0.467,1.0,24.2
8/3.MOV,8,train,ok,242,60.0,1.0,1.0,0.017,0.302,0.302,1.0,24.2
6/3.MOV,6,train,ok,243,60.0,1.0,1.0,0.547,0.547,0.576,1.0,24.5
66/2.MOV,66,train,ok,244,60.0,1.0,1.0,0.0,0.328,0.328,1.0,23.7
8/11.MOV,8,train,ok,243,60.0,1.0,1.0,0.0,0.267,0.267,1.0,23.6
91/4.MOV,91,train,ok,243,60.0,1.0,1.0,0.391,0.416,0.416,1.0,23.1
54/9.MOV,54,train,ok,244,60.0,1.0,1.0,0.234,0.238,0.324,1.0,22.7
10/10.MOV,10,train,ok,245,60.0,1.0,1.0,0.0,0.335,0.335,1.0,23.4
7/19.MOV,7,train,ok,242,60.0,1.0,1.0,0.5,0.504,0.504,1.0,22.9
21/19.MOV,21,train,ok,244,60.0,1.0,1.0,0.0,0.303,0.303,1.0,23.2
52/14.MOV,52,train,ok,244,60.0,1.0,1.0,0.0,0.311,0.311,1.0,24.6
11/16.MOV,11,train,ok,244,60.0,1.0,1.0,0.0,0.324,0.324,1.0,24.3
74/17.MOV,74,train,ok,244,60.0,1.0,1.0,0.0,0.25,0.25,1.0,24.9
19/14.MOV,19,train,ok,242,60.0,1.0,1.0,0.0,0.289,0.289,1.0,24.1
24/11.MOV,24,train,ok,244,60.0,1.0,1.0,0.0,0.254,0.254,1.0,25.2
9/0.MOV,9,train,ok,242,60.0,1.0,1.0,0.0,0.442,0.442,1.0,24.4
15/4.MOV,15,train,ok,243,60.0,1.0,1.0,0.0,0.288,0.288,1.0,25.4
13/14.MOV,13,train,ok,244,60.0,1.0,1.0,0.0,0.283,0.283,1.0,25.3
5/8.MOV,5,train,ok,243,60.0,1.0,1.0,0.0,0.317,0.317,1.0,23.8
49/9.MOV,49,train,ok,243,60.0,1.0,1.0,0.292,0.305,0.305,1.0,24.5
20/10.MOV,20,train,ok,245,60.0,1.0,1.0,0.0,0.22,0.22,1.0,25.0
2/19.MOV,2,train,ok,244,60.0,1.0,1.0,0.0,0.537,0.537,1.0,25.7
4/18.MOV,4,train,ok,243,60.0,1.0,1.0,0.313,0.473,0.49,1.0,22.6
63/5.MOV,63,train,ok,244,60.0,1.0,1.0,0.0,0.328,0.328,1.0,23.4
63/1.MOV,63,train,ok,244,60.0,1.0,1.0,0.0,0.385,0.385,1.0,23.6
50/20.MOV,50,train,ok,242,60.0,1.0,1.0,0.0,0.368,0.368,1.0,23.4
8/1.MOV,8,train,ok,243,60.0,1.0,1.0,0.0,0.358,0.358,1.0,23.2
12/4.MOV,12,train,ok,244,60.0,1.0,1.0,0.0,0.34,0.34,1.0,23.7
9/19.MOV,9,train,ok,245,60.0,1.0,1.0,0.0,0.498,0.498,1.0,26.5
95/3.MOV,95,train,ok,244,60.0,1.0,1.0,0.008,0.361,0.361,1.0,25.7
0/6.MOV,0,train,ok,245,60.0,1.0,0.996,0.0,0.359,0.359,1.0,25.9
18/17.MOV,18,train,ok,243,60.0,1.0,1.0,0.543,0.531,0.576,1.0,25.6
20/13.MOV,20,train,ok,244,60.0,1.0,1.0,0.0,0.217,0.217,1.0,26.0
6/1.MOV,6,train,ok,243,60.0,1.0,1.0,0.51,0.49,0.527,1.0,25.5
5/2.MOV,5,train,ok,243,60.0,1.0,1.0,0.004,0.272,0.272,1.0,26.1
17/8.MOV,17,train,ok,243,60.0,1.0,1.0,0.23,0.305,0.309,1.0,25.9
8/15.MOV,8,train,ok,242,60.0,1.0,1.0,0.0,0.533,0.533,1.0,25.5
51/8.MOV,51,train,ok,242,60.0,1.0,1.0,0.0,0.31,0.31,1.0,25.3
23/4.MOV,23,train,ok,244,60.0,1.0,1.0,0.0,0.258,0.258,1.0,26.1
65/9.MOV,65,train,ok,244,60.0,1.0,1.0,0.0,0.332,0.332,1.0,25.4
85/2.MOV,85,train,ok,244,60.0,1.0,1.0,0.369,0.32,0.369,1.0,22.6
5/0.MOV,5,train,ok,243,60.0,1.0,1.0,0.0,0.313,0.313,1.0,22.8
18/5.MOV,18,train,ok,243,60.0,1.0,1.0,0.288,0.449,0.449,1.0,23.4
65/19.MOV,65,train,ok,244,60.0,1.0,1.0,0.0,0.516,0.516,1.0,22.9
7/14.MOV,7,train,ok,243,60.0,1.0,1.0,0.28,0.284,0.288,1.0,23.6
63/7.MOV,63,train,ok,244,60.0,1.0,1.0,0.0,0.283,0.283,1.0,23.6
3/7.MOV,3,train,ok,244,60.0,1.0,1.0,0.0,0.275,0.275,1.0,21.8
19/8.MOV,19,train,ok,243,60.0,1.0,1.0,0.0,0.28,0.28,1.0,22.9
8/10.MOV,8,train,ok,243,60.0,1.0,1.0,0.0,0.305,0.305,1.0,22.4
96/7.MOV,96,train,ok,244,60.0,1.0,1.0,0.295,0.324,0.332,1.0,22.5
55/4.MOV,55,train,ok,244,60.0,1.0,1.0,0.287,0.201,0.357,1.0,23.1
0/3.MOV,0,train,ok,244,60.0,1.0,1.0,0.107,0.496,0.496,1.0,22.5
55/18.MOV,55,train,ok,244,60.0,1.0,1.0,0.172,0.492,0.492,1.0,23.6
10/1.MOV,10,train,ok,245,60.0,1.0,1.0,0.0,0.424,0.424,1.0,21.8
8/13.MOV,8,train,ok,243,60.0,1.0,1.0,0.0,0.321,0.321,1.0,23.2
50/13.MOV,50,train,ok,243,60.0,1.0,1.0,0.0,0.296,0.296,1.0,22.2
64/4.MOV,64,train,ok,244,60.0,1.0,1.0,0.0,0.398,0.398,1.0,22.0
10/2.MOV,10,train,ok,244,60.0,1.0,1.0,0.0,0.365,0.365,1.0,21.9
54/14.MOV,54,train,ok,244,60.0,1.0,0.996,0.23,0.225,0.328,1.0,21.7
17/21.MOV,17,train,ok,243,60.0,1.0,1.0,0.325,0.276,0.333,1.0,21.1
2/17.MOV,2,train,ok,244,60.0,1.0,1.0,0.0,0.48,0.48,1.0,22.0
54/8.MOV,54,train,ok,244,60.0,1.0,1.0,0.193,0.295,0.299,1.0,20.8
50/6.MOV,50,train,ok,243,60.0,1.0,1.0,0.0,0.354,0.354,1.0,20.9
52/2.MOV,52,train,ok,244,60.0,1.0,1.0,0.0,0.348,0.348,1.0,21.6
19/10.MOV,19,train,ok,243,60.0,1.0,1.0,0.0,0.296,0.296,1.0,21.1
91/8.MOV,91,train,ok,243,60.0,1.0,1.0,0.362,0.346,0.362,1.0,21.7
54/11.MOV,54,train,ok,244,60.0,1.0,0.996,0.111,0.262,0.291,1.0,22.0
21/15.MOV,21,train,ok,244,60.0,1.0,1.0,0.0,0.287,0.287,1.0,22.5
49/17.MOV,49,train,ok,243,60.0,1.0,1.0,0.346,0.3,0.35,1.0,22.0
21/14.MOV,21,train,ok,244,60.0,1.0,1.0,0.0,0.238,0.238,1.0,22.9
65/0.MOV,65,train,ok,244,60.0,1.0,1.0,0.0,0.389,0.389,1.0,22.0
16/15.MOV,16,train,ok,243,60.0,1.0,1.0,0.0,0.313,0.313,1.0,21.3
6/5.MOV,6,train,ok,243,60.0,1.0,1.0,0.543,0.572,0.58,1.0,21.1
14/13.MOV,14,train,ok,244,60.0,1.0,1.0,0.0,0.303,0.303,1.0,21.3
74/7.MOV,74,train,ok,244,60.0,1.0,1.0,0.0,0.217,0.217,1.0,20.2
95/6.MOV,95,train,ok,245,60.0,1.0,1.0,0.0,0.449,0.449,1.0,20.9
0/12.MOV,0,train,ok,244,60.0,1.0,1.0,0.0,0.439,0.439,1.0,21.8
20/19.MOV,20,train,ok,244,60.0,1.0,1.0,0.0,0.348,0.348,1.0,22.0
7/18.MOV,7,train,ok,242,60.0,1.0,1.0,0.533,0.541,0.541,1.0,22.2
89/15.MOV,89,train,ok,244,60.0,1.0,1.0,0.0,0.422,0.422,1.0,22.3
76/9.MOV,76,train,ok,244,60.0,1.0,1.0,0.0,0.328,0.328,1.0,22.1
55/19.MOV,55,train,ok,244,60.0,1.0,1.0,0.246,0.324,0.398,1.0,22.4
6/19.MOV,6,train,ok,243,60.0,1.0,1.0,0.621,0.634,0.634,1.0,21.6
17/11.MOV,17,train,ok,243,60.0,1.0,1.0,0.136,0.21,0.214,1.0,22.0
3/15.MOV,3,train,ok,244,60.0,1.0,1.0,0.0,0.361,0.361,1.0,22.6
56/4.MOV,56,train,ok,244,60.0,1.0,1.0,0.0,0.332,0.332,1.0,22.3
15/0.MOV,15,train,ok,243,60.0,1.0,1.0,0.0,0.44,0.44,1.0,22.4
8/6.MOV,8,train,ok,243,60.0,1.0,1.0,0.0,0.354,0.354,1.0,21.1
65/10.MOV,65,train,ok,244,60.0,1.0,1.0,0.0,0.32,0.32,1.0,22.7
55/1.MOV,55,train,ok,244,60.0,1.0,1.0,0.348,0.287,0.443,1.0,22.1
85/18.MOV,85,train,ok,244,60.0,1.0,1.0,0.402,0.34,0.402,1.0,21.5
16/11.MOV,16,train,ok,243,60.0,1.0,1.0,0.0,0.259,0.259,1.0,22.4
63/12.MOV,63,train,ok,244,60.0,1.0,1.0,0.0,0.352,0.352,1.0,22.2
66/10.MOV,66,train,ok,244,60.0,1.0,1.0,0.0,0.283,0.283,1.0,22.2
64/13.MOV,64,train,ok,244,60.0,1.0,1.0,0.0,0.373,0.373,1.0,23.4
53/5.MOV,53,train,ok,244,60.0,1.0,1.0,0.0,0.287,0.287,1.0,20.9
7/17.MOV,7,train,ok,242,60.0,1.0,1.0,0.545,0.537,0.545,1.0,22.3
11/15.MOV,11,train,ok,244,60.0,1.0,1.0,0.0,0.332,0.332,1.0,23.0
15/9.MOV,15,train,ok,243,60.0,1.0,1.0,0.0,0.288,0.288,1.0,23.0
72/16.MOV,72,train,ok,245,60.0,1.0,1.0,0.0,0.371,0.371,1.0,24.4
49/6.MOV,49,train,ok,243,60.0,1.0,1.0,0.321,0.325,0.329,1.0,23.6
16/2.MOV,16,train,ok,243,60.0,1.0,1.0,0.012,0.296,0.296,1.0,24.3
89/16.MOV,89,train,ok,244,60.0,1.0,1.0,0.0,0.369,0.369,1.0,24.7
65/2.MOV,65,train,ok,244,60.0,1.0,1.0,0.0,0.369,0.369,1.0,24.4
14/16.MOV,14,train,ok,244,60.0,1.0,1.0,0.0,0.266,0.266,1.0,24.9
77/14.MOV,77,train,ok,244,60.0,1.0,1.0,0.0,0.283,0.283,1.0,23.6
77/17.MOV,77,train,ok,244,60.0,1.0,1.0,0.0,0.299,0.299,1.0,24.2
12/2.MOV,12,train,ok,244,60.0,1.0,1.0,0.0,0.324,0.324,1.0,24.5
65/4.MOV,65,train,ok,244,60.0,1.0,1.0,0.0,0.357,0.357,1.0,24.6
10/12.MOV,10,train,ok,244,60.0,1.0,1.0,0.0,0.307,0.307,1.0,25.5
23/16.MOV,23,train,ok,244,60.0,1.0,1.0,0.0,0.266,0.266,1.0,24.8
24/10.MOV,24,train,ok,244,60.0,1.0,1.0,0.0,0.275,0.275,1.0,25.7
9/5.MOV,9,train,ok,243,60.0,1.0,1.0,0.0,0.379,0.379,1.0,24.3
23/12.MOV,23,train,ok,244,60.0,1.0,1.0,0.0,0.23,0.23,1.0,24.4
10/17.MOV,10,train,ok,244,60.0,1.0,1.0,0.0,0.316,0.316,1.0,24.7
11/9.MOV,11,train,ok,244,60.0,1.0,1.0,0.0,0.328,0.328,1.0,24.1
12/18.MOV,12,train,ok,244,60.0,1.0,1.0,0.0,0.328,0.328,1.0,24.3
57/19.MOV,57,train,ok,244,60.0,1.0,1.0,0.0,0.336,0.336,1.0,24.4
74/1.MOV,74,train,ok,244,60.0,1.0,1.0,0.0,0.291,0.291,1.0,24.4
76/7.MOV,76,train,ok,244,60.0,1.0,1.0,0.0,0.324,0.324,1.0,23.4
89/9.MOV,89,train,ok,244,60.0,1.0,1.0,0.0,0.32,0.32,1.0,24.4
1/8.MOV,1,train,ok,244,60.0,1.0,1.0,0.0,0.357,0.357,1.0,24.4
2/12.MOV,2,train,ok,244,60.0,1.0,1.0,0.0,0.41,0.41,1.0,24.3
49/15.MOV,49,train,ok,243,60.0,1.0,1.0,0.337,0.329,0.342,1.0,24.6
53/1.MOV,53,train,ok,244,60.0,1.0,1.0,0.0,0.291,0.291,1.0,25.6
50/11.MOV,50,train,ok,243,60.0,1.0,1.0,0.0,0.3,0.3,1.0,25.4
22/17.MOV,22,train,ok,244,60.0,1.0,1.0,0.0,0.361,0.361,1.0,25.9
63/16.MOV,63,train,ok,244,60.0,1.0,1.0,0.0,0.283,0.283,1.0,25.3
3/14.MOV,3,train,ok,244,60.0,1.0,1.0,0.0,0.328,0.328,1.0,26.4
62/6.MOV,62,train,ok,245,60.0,1.0,1.0,0.0,0.302,0.302,1.0,24.9
24/8.MOV,24,train,ok,244,60.0,1.0,1.0,0.025,0.27,0.27,1.0,26.0
10/19.MOV,10,train,ok,244,60.0,1.0,1.0,0.0,0.369,0.369,1.0,25.5
54/13.MOV,54,train,ok,244,60.0,1.0,1.0,0.189,0.23,0.32,1.0,25.8
50/17.MOV,50,train,ok,243,60.0,1.0,1.0,0.0,0.358,0.358,1.0,26.0
91/11.MOV,91,train,ok,243,60.0,1.0,1.0,0.321,0.337,0.342,1.0,25.9
67/17.MOV,67,train,ok,244,60.0,1.0,1.0,0.0,0.34,0.34,1.0,25.7
17/10.MOV,17,train,ok,243,60.0,1.0,1.0,0.14,0.214,0.214,1.0,26.1
72/5.MOV,72,train,ok,244,60.0,1.0,1.0,0.0,0.303,0.303,1.0,24.8
14/7.MOV,14,train,ok,244,60.0,1.0,1.0,0.0,0.32,0.32,1.0,26.7
6/17.MOV,6,train,ok,243,60.0,1.0,1.0,0.535,0.556,0.556,1.0,25.1
72/17.MOV,72,train,ok,244,60.0,1.0,1.0,0.0,0.418,0.418,1.0,26.0
76/17.MOV,76,train,ok,244,60.0,1.0,1.0,0.0,0.447,0.447,1.0,25.9
13/10.MOV,13,train,ok,244,60.0,1.0,1.0,0.0,0.291,0.291,1.0,26.5
62/8.MOV,62,train,ok,244,60.0,1.0,1.0,0.0,0.287,0.287,1.0,26.1
74/11.MOV,74,train,ok,244,60.0,1.0,1.0,0.0,0.291,0.291,1.0,26.1
53/13.MOV,53,train,ok,244,60.0,1.0,1.0,0.0,0.209,0.209,1.0,25.8
6/2.MOV,6,train,ok,243,60.0,1.0,1.0,0.506,0.531,0.531,1.0,26.0
54/10.MOV,54,train,ok,244,60.0,1.0,1.0,0.143,0.328,0.332,1.0,26.3
2/11.MOV,2,train,ok,244,60.0,1.0,1.0,0.0,0.48,0.48,1.0,26.3
54/3.MOV,54,train,ok,244,60.0,1.0,1.0,0.316,0.27,0.381,1.0,26.2
72/9.MOV,72,train,ok,244,60.0,1.0,1.0,0.0,0.303,0.303,1.0,25.0
63/14.MOV,63,train,ok,244,60.0,1.0,1.0,0.0,0.348,0.348,1.0,26.1
72/15.MOV,72,train,ok,245,60.0,1.0,1.0,0.0,0.269,0.269,1.0,27.0
9/12.MOV,9,train,ok,242,60.0,1.0,1.0,0.0,0.393,0.393,1.0,26.4
52/7.MOV,52,train,ok,244,60.0,1.0,1.0,0.0,0.246,0.246,1.0,25.2
62/9.MOV,62,train,ok,244,60.0,1.0,1.0,0.0,0.295,0.295,1.0,26.4
96/18.MOV,96,train,ok,244,60.0,1.0,1.0,0.352,0.365,0.381,1.0,26.9
20/18.MOV,20,train,ok,244,60.0,1.0,1.0,0.0,0.34,0.34,1.0,26.9
63/11.MOV,63,train,ok,244,60.0,1.0,1.0,0.0,0.357,0.357,1.0,26.4
64/6.MOV,64,train,ok,244,60.0,1.0,1.0,0.0,0.402,0.402,1.0,27.0
4/19.MOV,4,train,ok,243,60.0,1.0,1.0,0.354,0.473,0.502,1.0,27.3
20/9.MOV,20,train,ok,244,60.0,1.0,1.0,0.0,0.225,0.225,1.0,27.9
5/18.MOV,5,train,ok,243,60.0,1.0,1.0,0.0,0.436,0.436,1.0,27.2
6/8.MOV,6,train,ok,243,60.0,1.0,1.0,0.457,0.461,0.469,1.0,27.2
4/13.MOV,4,train,ok,243,60.0,1.0,1.0,0.251,0.403,0.403,1.0,29.3
2/10.MOV,2,train,ok,244,60.0,1.0,1.0,0.0,0.389,0.389,1.0,28.8
86/15.MOV,86,train,ok,244,60.0,1.0,1.0,0.32,0.32,0.324,1.0,29.0
0/15.MOV,0,train,ok,244,60.0,1.0,1.0,0.0,0.414,0.414,1.0,29.2
55/12.MOV,55,train,ok,244,60.0,1.0,1.0,0.193,0.201,0.299,1.0,29.0
24/6.MOV,24,train,ok,244,60.0,1.0,1.0,0.0,0.283,0.283,1.0,29.5
16/20.MOV,16,train,ok,243,60.0,1.0,1.0,0.0,0.444,0.444,1.0,27.7
95/19.MOV,95,train,ok,244,60.0,1.0,1.0,0.0,0.303,0.303,1.0,27.6
15/12.MOV,15,train,ok,243,60.0,1.0,1.0,0.0,0.276,0.276,1.0,27.7
22/10.MOV,22,train,ok,244,60.0,1.0,1.0,0.0,0.225,0.225,1.0,27.6
57/8.MOV,57,train,ok,243,60.0,1.0,1.0,0.004,0.251,0.251,1.0,27.5
64/11.MOV,64,train,ok,244,60.0,1.0,1.0,0.0,0.352,0.352,1.0,28.6
16/7.MOV,16,train,ok,243,60.0,1.0,1.0,0.0,0.333,0.333,1.0,27.2
62/0.MOV,62,train,ok,244,60.0,1.0,1.0,0.0,0.545,0.545,1.0,27.3
67/16.MOV,67,train,ok,244,60.0,1.0,1.0,0.0,0.234,0.234,1.0,27.4
21/10.MOV,21,train,ok,244,60.0,1.0,1.0,0.0,0.221,0.221,1.0,27.2
63/15.MOV,63,train,ok,244,60.0,1.0,1.0,0.0,0.324,0.324,1.0,27.6
17/2.MOV,17,train,ok,243,60.0,1.0,1.0,0.173,0.329,0.329,1.0,26.3
13/17.MOV,13,train,ok,244,60.0,1.0,1.0,0.0,0.332,0.332,1.0,27.5
64/1.MOV,64,train,ok,244,60.0,1.0,1.0,0.0,0.377,0.377,1.0,27.1
11/6.MOV,11,train,ok,244,60.0,1.0,1.0,0.0,0.369,0.369,1.0,26.7
77/3.MOV,77,train,ok,244,60.0,1.0,1.0,0.0,0.295,0.295,1.0,26.5
13/12.MOV,13,train,ok,244,60.0,1.0,1.0,0.0,0.266,0.266,1.0,27.0
72/0.MOV,72,train,ok,245,60.0,1.0,1.0,0.0,0.335,0.335,1.0,27.1
7/5.MOV,7,train,ok,243,60.0,1.0,1.0,0.337,0.333,0.342,1.0,25.5
17/19.MOV,17,train,ok,243,60.0,1.0,1.0,0.366,0.325,0.366,1.0,26.5
56/9.MOV,56,train,ok,244,60.0,1.0,1.0,0.0,0.344,0.344,1.0,26.3
11/2.MOV,11,train,ok,244,60.0,1.0,1.0,0.0,0.418,0.418,1.0,25.4
57/14.MOV,57,train,ok,244,60.0,1.0,1.0,0.0,0.287,0.287,1.0,25.9
72/14.MOV,72,train,ok,244,60.0,1.0,1.0,0.0,0.287,0.287,1.0,26.9
23/0.MOV,23,train,ok,244,60.0,1.0,1.0,0.0,0.332,0.332,1.0,26.4
86/0.MOV,86,train,ok,244,60.0,1.0,1.0,0.398,0.398,0.406,1.0,26.6
66/18.MOV,66,train,ok,244,60.0,1.0,1.0,0.0,0.41,0.41,1.0,26.2
77/9.MOV,77,train,ok,244,60.0,1.0,1.0,0.0,0.258,0.258,1.0,25.3
18/13.MOV,18,train,ok,243,60.0,1.0,1.0,0.181,0.391,0.391,1.0,26.2
17/5.MOV,17,train,ok,243,60.0,1.0,1.0,0.14,0.321,0.325,1.0,25.6
11/7.MOV,11,train,ok,244,60.0,1.0,1.0,0.0,0.352,0.352,1.0,26.3
51/2.MOV,51,train,ok,243,60.0,1.0,1.0,0.0,0.309,0.309,1.0,26.0
18/18.MOV,18,train,ok,243,60.0,1.0,1.0,0.523,0.477,0.535,1.0,28.4
3/2.MOV,3,train,ok,244,60.0,1.0,1.0,0.0,0.324,0.324,1.0,28.6
63/2.MOV,63,train,ok,244,60.0,1.0,1.0,0.0,0.398,0.398,1.0,28.3
11/3.MOV,11,train,ok,244,60.0,1.0,1.0,0.0,0.344,0.344,1.0,28.5
65/15.MOV,65,train,ok,244,60.0,1.0,1.0,0.0,0.426,0.426,1.0,29.0
77/7.MOV,77,train,ok,244,60.0,1.0,1.0,0.0,0.336,0.336,1.0,27.4
6/6.MOV,6,train,ok,243,60.0,1.0,1.0,0.539,0.539,0.543,1.0,28.1
57/9.MOV,57,train,ok,243,60.0,1.0,1.0,0.0,0.222,0.222,1.0,27.4
4/7.MOV,4,train,ok,244,60.0,1.0,1.0,0.295,0.422,0.439,1.0,27.8
74/5.MOV,74,train,ok,244,60.0,1.0,1.0,0.0,0.303,0.303,1.0,26.5
2/5.MOV,2,train,ok,244,60.0,1.0,1.0,0.0,0.496,0.496,1.0,27.2
86/14.MOV,86,train,ok,244,60.0,1.0,1.0,0.27,0.287,0.307,1.0,27.6
65/1.MOV,65,train,ok,244,60.0,1.0,1.0,0.0,0.381,0.381,1.0,28.4
49/2.MOV,49,train,ok,243,60.0,1.0,1.0,0.226,0.247,0.247,1.0,28.5
54/17.MOV,54,train,ok,244,60.0,1.0,0.992,0.414,0.504,0.504,1.0,28.5
53/14.MOV,53,train,ok,244,60.0,1.0,1.0,0.0,0.213,0.213,1.0,29.6
62/2.MOV,62,train,ok,244,60.0,1.0,1.0,0.0,0.398,0.398,1.0,28.5
74/13.MOV,74,train,ok,244,60.0,1.0,1.0,0.0,0.303,0.303,1.0,28.3
53/3.MOV,53,train,ok,244,60.0,1.0,1.0,0.0,0.299,0.299,1.0,29.8
63/0.MOV,63,train,ok,244,60.0,1.0,1.0,0.0,0.377,0.377,1.0,30.3
22/0.MOV,22,train,ok,244,60.0,1.0,1.0,0.0,0.455,0.455,1.0,29.0
21/3.MOV,21,train,ok,244,60.0,1.0,1.0,0.0,0.275,0.275,1.0,28.7
95/14.MOV,95,train,ok,244,60.0,1.0,1.0,0.0,0.291,0.291,1.0,28.7
95/5.MOV,95,train,ok,245,60.0,1.0,1.0,0.0,0.327,0.327,1.0,29.5
72/4.MOV,72,train,ok,244,60.0,1.0,1.0,0.0,0.262,0.262,1.0,27.3
55/0.MOV,55,train,ok,244,60.0,1.0,1.0,0.332,0.279,0.398,1.0,28.3
10/15.MOV,10,train,ok,244,60.0,1.0,1.0,0.0,0.332,0.332,1.0,28.3
17/0.MOV,17,train,ok,243,60.0,1.0,1.0,0.313,0.424,0.424,1.0,28.3
15/10.MOV,15,train,ok,243,60.0,1.0,1.0,0.0,0.276,0.276,1.0,28.4
16/12.MOV,16,train,ok,243,60.0,1.0,1.0,0.0,0.321,0.321,1.0,28.7
76/13.MOV,76,train,ok,244,60.0,1.0,1.0,0.0,0.279,0.279,1.0,27.2
52/6.MOV,52,train,ok,244,60.0,1.0,1.0,0.0,0.225,0.225,1.0,26.3
64/17.MOV,64,train,ok,244,60.0,1.0,1.0,0.0,0.43,0.43,1.0,26.3
15/13.MOV,15,train,ok,243,60.0,1.0,1.0,0.0,0.251,0.251,1.0,26.9
52/5.MOV,52,train,ok,244,60.0,1.0,1.0,0.0,0.258,0.258,1.0,24.9
8/0.MOV,8,train,ok,243,60.0,1.0,1.0,0.0,0.329,0.329,1.0,26.8
24/14.MOV,24,train,ok,244,60.0,1.0,1.0,0.0,0.238,0.238,1.0,26.9
12/1.MOV,12,train,ok,244,60.0,1.0,1.0,0.0,0.34,0.34,1.0,26.1
8/12.MOV,8,train,ok,243,60.0,1.0,1.0,0.0,0.272,0.272,1.0,26.6
91/7.MOV,91,train,ok,243,60.0,1.0,1.0,0.317,0.317,0.329,1.0,26.9
91/1.MOV,91,train,ok,243,60.0,1.0,1.0,0.399,0.432,0.432,1.0,25.8
86/2.MOV,86,train,ok,244,60.0,1.0,1.0,0.377,0.352,0.377,1.0,26.7
9/8.MOV,9,train,ok,242,60.0,1.0,1.0,0.0,0.364,0.364,1.0,25.8
23/19.MOV,23,train,ok,244,60.0,1.0,1.0,0.0,0.697,0.697,1.0,26.5
67/1.MOV,67,train,ok,244,60.0,1.0,1.0,0.0,0.283,0.283,1.0,27.1
24/0.MOV,24,train,ok,244,60.0,1.0,1.0,0.0,0.283,0.283,1.0,26.8
13/1.MOV,13,train,ok,244,60.0,1.0,1.0,0.0,0.348,0.348,1.0,27.1
3/10.MOV,3,train,ok,244,60.0,1.0,1.0,0.0,0.262,0.262,1.0,27.1
77/2.MOV,77,train,ok,244,60.0,1.0,1.0,0.0,0.291,0.291,1.0,26.7
54/5.MOV,54,train,ok,244,60.0,1.0,0.996,0.254,0.348,0.348,1.0,25.9
85/3.MOV,85,train,ok,244,60.0,1.0,1.0,0.443,0.381,0.443,1.0,27.4
62/19.MOV,62,train,ok,244,60.0,1.0,1.0,0.0,0.27,0.27,1.0,27.6
85/16.MOV,85,train,ok,244,60.0,1.0,1.0,0.381,0.299,0.393,1.0,27.3
12/6.MOV,12,train,ok,244,60.0,1.0,1.0,0.0,0.295,0.295,1.0,27.7
49/1.MOV,49,train,ok,243,60.0,1.0,1.0,0.313,0.329,0.329,1.0,27.0
19/4.MOV,19,train,ok,243,60.0,1.0,1.0,0.107,0.436,0.44,1.0,26.9
21/2.MOV,21,train,ok,244,60.0,1.0,1.0,0.0,0.275,0.275,1.0,26.5
23/9.MOV,23,train,ok,244,60.0,1.0,1.0,0.0,0.262,0.262,1.0,27.2
96/4.MOV,96,train,ok,244,60.0,1.0,1.0,0.348,0.361,0.361,1.0,26.4
20/11.MOV,20,train,ok,245,60.0,1.0,1.0,0.0,0.237,0.237,1.0,26.8
16/1.MOV,16,train,ok,243,60.0,1.0,1.0,0.008,0.313,0.313,1.0,25.9
1/19.MOV,1,train,ok,244,60.0,1.0,1.0,0.0,0.434,0.434,1.0,26.6
4/3.MOV,4,train,ok,243,60.0,1.0,1.0,0.325,0.494,0.494,1.0,25.9
1/5.MOV,1,train,ok,244,60.0,1.0,1.0,0.0,0.402,0.402,1.0,26.2
18/7.MOV,18,train,ok,243,60.0,1.0,1.0,0.255,0.399,0.399,1.0,26.4
57/4.MOV,57,train,ok,244,60.0,1.0,1.0,0.004,0.316,0.316,1.0,25.8
77/13.MOV,77,train,ok,244,60.0,1.0,1.0,0.0,0.266,0.266,1.0,25.5
77/15.MOV,77,train,ok,244,60.0,1.0,1.0,0.0,0.287,0.287,1.0,25.5
55/2.MOV,55,train,ok,244,60.0,1.0,1.0,0.307,0.422,0.434,1.0,25.9
66/14.MOV,66,train,ok,244,60.0,1.0,1.0,0.0,0.279,0.279,1.0,25.0
56/1.MOV,56,train,ok,244,60.0,1.0,1.0,0.0,0.418,0.418,1.0,25.7
2/6.MOV,2,train,ok,244,60.0,1.0,1.0,0.0,0.414,0.414,1.0,25.5
52/12.MOV,52,train,ok,244,60.0,1.0,1.0,0.0,0.291,0.291,1.0,25.4
77/10.MOV,77,train,ok,244,60.0,1.0,1.0,0.0,0.283,0.283,1.0,26.1
14/17.MOV,14,train,ok,244,60.0,1.0,1.0,0.0,0.254,0.254,1.0,25.6
72/19.MOV,72,train,ok,244,60.0,1.0,1.0,0.0,0.279,0.279,1.0,26.0
49/13.MOV,49,train,ok,243,60.0,1.0,1.0,0.305,0.288,0.305,1.0,24.9
51/11.MOV,51,train,ok,243,60.0,1.0,1.0,0.0,0.321,0.321,1.0,25.6
66/20.MOV,66,train,ok,244,60.0,1.0,1.0,0.0,0.389,0.389,1.0,25.2
91/13.MOV,91,train,ok,243,60.0,1.0,1.0,0.288,0.309,0.313,1.0,24.9
11/14.MOV,11,train,ok,244,60.0,1.0,1.0,0.0,0.34,0.34,1.0,25.3
89/1.MOV,89,train,ok,244,60.0,1.0,1.0,0.0,0.385,0.385,1.0,25.8
18/14.MOV,18,train,ok,243,60.0,1.0,1.0,0.218,0.407,0.407,1.0,25.0
14/1.MOV,14,train,ok,244,60.0,1.0,1.0,0.0,0.328,0.328,1.0,25.4
18/9.MOV,18,train,ok,243,60.0,1.0,1.0,0.255,0.374,0.42,1.0,25.2
10/9.MOV,10,train,ok,244,60.0,1.0,1.0,0.0,0.299,0.299,1.0,26.4
15/16.MOV,15,train,ok,243,60.0,1.0,1.0,0.0,0.288,0.288,1.0,25.1
74/9.MOV,74,train,ok,244,60.0,1.0,1.0,0.0,0.234,0.234,1.0,24.1
11/20.MOV,11,train,ok,244,60.0,1.0,1.0,0.0,0.373,0.373,1.0,25.4
50/9.MOV,50,train,ok,243,60.0,1.0,1.0,0.0,0.325,0.325,1.0,25.5
14/4.MOV,14,train,ok,244,60.0,1.0,1.0,0.004,0.336,0.336,1.0,25.5
76/19.MOV,76,train,ok,244,60.0,1.0,1.0,0.0,0.385,0.385,1.0,25.4
14/0.MOV,14,train,ok,244,60.0,1.0,1.0,0.0,0.41,0.41,1.0,25.8
50/16.MOV,50,train,ok,243,60.0,1.0,1.0,0.0,0.354,0.354,1.0,25.9
86/12.MOV,86,train,ok,244,60.0,1.0,1.0,0.266,0.262,0.275,1.0,25.8
2/7.MOV,2,train,ok,244,60.0,1.0,1.0,0.0,0.385,0.385,1.0,25.7
5/14.MOV,5,train,ok,243,60.0,1.0,1.0,0.0,0.35,0.35,1.0,29.7
95/9.MOV,95,train,ok,244,60.0,1.0,1.0,0.0,0.398,0.398,1.0,29.3
17/20.MOV,17,train,ok,243,60.0,1.0,1.0,0.412,0.366,0.416,1.0,29.6
62/10.MOV,62,train,ok,244,60.0,1.0,1.0,0.0,0.34,0.34,1.0,29.2
65/14.MOV,65,train,ok,244,60.0,1.0,1.0,0.0,0.348,0.348,1.0,29.8
5/5.MOV,5,train,ok,243,60.0,1.0,1.0,0.0,0.329,0.329,1.0,29.8
3/11.MOV,3,train,ok,244,60.0,1.0,1.0,0.0,0.242,0.242,1.0,26.6
67/6.MOV,67,train,ok,244,60.0,1.0,1.0,0.008,0.262,0.262,1.0,26.8
52/11.MOV,52,train,ok,244,60.0,1.0,1.0,0.0,0.299,0.299,1.0,27.4
74/8.MOV,74,train,ok,244,60.0,1.0,1.0,0.0,0.217,0.217,1.0,25.6
52/4.MOV,52,train,ok,244,60.0,1.0,1.0,0.0,0.369,0.369,1.0,27.4
6/11.MOV,6,train,ok,243,60.0,1.0,1.0,0.494,0.498,0.502,1.0,26.8
10/16.MOV,10,train,ok,244,60.0,1.0,1.0,0.0,0.373,0.373,1.0,25.8
53/17.MOV,53,train,ok,244,60.0,1.0,1.0,0.0,0.369,0.369,1.0,25.7
74/18.MOV,74,train,ok,244,60.0,1.0,1.0,0.0,0.311,0.311,1.0,25.8
74/2.MOV,74,train,ok,244,60.0,1.0,1.0,0.0,0.307,0.307,1.0,25.5
2/14.MOV,2,train,ok,244,60.0,1.0,1.0,0.0,0.402,0.402,1.0,26.0
76/4.MOV,76,train,ok,244,60.0,1.0,1.0,0.0,0.316,0.316,1.0,26.4
9/7.MOV,9,train,ok,242,60.0,1.0,1.0,0.0,0.339,0.339,1.0,25.4
9/2.MOV,9,train,ok,242,60.0,1.0,1.0,0.0,0.508,0.508,1.0,26.3
9/11.MOV,9,train,ok,243,60.0,1.0,1.0,0.0,0.362,0.362,1.0,26.7
50/0.MOV,50,train,ok,243,60.0,1.0,1.0,0.0,0.325,0.325,1.0,26.3
49/0.MOV,49,train,ok,243,60.0,1.0,1.0,0.296,0.296,0.296,1.0,26.5
64/12.MOV,64,train,ok,244,60.0,1.0,1.0,0.0,0.332,0.332,1.0,27.3
96/12.MOV,96,train,ok,244,60.0,1.0,1.0,0.336,0.348,0.357,1.0,25.6
13/7.MOV,13,train,ok,244,60.0,1.0,1.0,0.0,0.373,0.373,1.0,26.6
5/15.MOV,5,train,ok,243,60.0,1.0,1.0,0.0,0.296,0.296,1.0,27.2
56/15.MOV,56,train,ok,244,60.0,1.0,1.0,0.0,0.488,0.488,1.0,27.7
67/9.MOV,67,train,ok,244,60.0,1.0,1.0,0.0,0.262,0.262,1.0,26.4
50/8.MOV,50,train,ok,243,60.0,1.0,1.0,0.0,0.337,0.337,1.0,27.4
18/19.MOV,18,train,ok,243,60.0,1.0,1.0,0.473,0.42,0.481,1.0,27.0
16/4.MOV,16,train,ok,243,60.0,1.0,1.0,0.008,0.321,0.321,1.0,26.3
95/18.MOV,95,train,ok,244,60.0,1.0,1.0,0.0,0.324,0.324,1.0,26.2
19/18.MOV,19,train,ok,242,60.0,1.0,1.0,0.0,0.421,0.421,1.0,26.0
11/12.MOV,11,train,ok,244,60.0,1.0,1.0,0.0,0.32,0.32,1.0,26.2
13/0.MOV,13,train,ok,244,60.0,1.0,1.0,0.0,0.389,0.389,1.0,25.6
22/7.MOV,22,train,ok,244,60.0,1.0,1.0,0.0,0.266,0.266,1.0,25.4
22/15.MOV,22,train,ok,244,60.0,1.0,1.0,0.0,0.352,0.352,1.0,25.8
76/8.MOV,76,train,ok,244,60.0,1.0,1.0,0.0,0.414,0.414,1.0,24.3
14/10.MOV,14,train,ok,244,60.0,1.0,1.0,0.0,0.34,0.34,1.0,25.7
5/11.MOV,5,train,ok,243,60.0,1.0,1.0,0.0,0.342,0.342,1.0,26.5
57/12.MOV,57,train,ok,244,60.0,1.0,1.0,0.0,0.303,0.303,1.0,26.5
1/17.MOV,1,train,ok,244,60.0,1.0,1.0,0.0,0.504,0.504,1.0,26.6
89/11.MOV,89,train,ok,244,60.0,1.0,1.0,0.0,0.34,0.34,1.0,26.7
63/3.MOV,63,train,ok,244,60.0,1.0,1.0,0.0,0.381,0.381,1.0,26.3
6/10.MOV,6,train,ok,243,60.0,1.0,1.0,0.498,0.51,0.51,1.0,26.0
64/16.MOV,64,train,ok,244,60.0,1.0,1.0,0.0,0.414,0.414,1.0,25.9
19/11.MOV,19,train,ok,243,60.0,1.0,1.0,0.0,0.424,0.424,1.0,25.6
95/2.MOV,95,train,ok,244,60.0,1.0,1.0,0.0,0.344,0.344,1.0,25.6
64/5.MOV,64,train,ok,244,60.0,1.0,1.0,0.0,0.41,0.41,1.0,24.9
55/5.MOV,55,train,ok,244,60.0,1.0,1.0,0.139,0.275,0.307,1.0,25.3
18/8.MOV,18,train,ok,243,60.0,1.0,1.0,0.284,0.424,0.428,1.0,25.7
24/16.MOV,24,train,ok,244,60.0,1.0,1.0,0.0,0.238,0.238,1.0,25.3
18/1.MOV,18,train,ok,243,60.0,1.0,1.0,0.3,0.292,0.428,1.0,25.5
14/8.MOV,14,train,ok,244,60.0,1.0,1.0,0.0,0.336,0.336,1.0,26.7
1/6.MOV,1,train,ok,244,60.0,1.0,1.0,0.0,0.393,0.393,1.0,26.3
67/11.MOV,67,train,ok,244,60.0,1.0,1.0,0.0,0.299,0.299,1.0,27.5
9/17.MOV,9,train,ok,245,60.0,1.0,1.0,0.0,0.473,0.473,1.0,27.5
19/2.MOV,19,train,ok,243,60.0,1.0,1.0,0.0,0.284,0.284,1.0,26.8
86/11.MOV,86,train,ok,244,60.0,1.0,1.0,0.332,0.316,0.332,1.0,27.7
51/14.MOV,51,train,ok,243,60.0,1.0,1.0,0.0,0.329,0.329,1.0,26.8
12/10.MOV,12,train,ok,244,60.0,1.0,1.0,0.0,0.332,0.332,1.0,26.5
50/15.MOV,50,train,ok,243,60.0,1.0,1.0,0.0,0.288,0.288,1.0,26.5
5/3.MOV,5,train,ok,243,60.0,1.0,1.0,0.0,0.099,0.099,1.0,26.2
55/17.MOV,55,train,ok,244,60.0,1.0,1.0,0.221,0.5,0.504,1.0,26.4
12/15.MOV,12,train,ok,244,60.0,1.0,1.0,0.0,0.316,0.316,1.0,26.5
55/16.MOV,55,train,ok,244,60.0,1.0,1.0,0.52,0.68,0.68,1.0,26.4
50/1.MOV,50,train,ok,243,60.0,1.0,1.0,0.0,0.321,0.321,1.0,26.2
67/18.MOV,67,train,ok,244,60.0,1.0,1.0,0.0,0.287,0.287,1.0,26.5
20/7.MOV,20,train,ok,244,60.0,1.0,1.0,0.0,0.213,0.213,1.0,27.3
56/11.MOV,56,train,ok,244,60.0,1.0,1.0,0.0,0.336,0.336,1.0,26.2
12/7.MOV,12,train,ok,244,60.0,1.0,1.0,0.0,0.332,0.332,1.0,26.6
22/4.MOV,22,train,ok,244,60.0,1.0,1.0,0.0,0.373,0.373,1.0,26.1
3/17.MOV,3,train,ok,244,60.0,1.0,1.0,0.0,0.365,0.365,1.0,26.5
95/8.MOV,95,train,ok,244,60.0,1.0,1.0,0.0,0.328,0.328,1.0,26.2
62/14.MOV,62,train,ok,244,60.0,1.0,1.0,0.0,0.402,0.402,1.0,25.7
17/1.MOV,17,train,ok,243,60.0,1.0,1.0,0.049,0.3,0.3,1.0,26.4
57/2.MOV,57,train,ok,244,60.0,1.0,1.0,0.012,0.279,0.279,1.0,26.7
12/0.MOV,12,train,ok,244,60.0,1.0,1.0,0.004,0.418,0.418,1.0,25.1
53/7.MOV,53,train,ok,244,60.0,1.0,1.0,0.0,0.193,0.193,1.0,23.2
15/19.MOV,15,train,ok,243,60.0,1.0,1.0,0.0,0.428,0.428,1.0,24.8
54/15.MOV,54,train,ok,244,60.0,1.0,1.0,0.414,0.496,0.5,1.0,25.2
2/18.MOV,2,train,ok,244,60.0,1.0,1.0,0.0,0.496,0.496,1.0,25.3
49/3.MOV,49,train,ok,243,60.0,1.0,1.0,0.247,0.255,0.255,1.0,25.4
65/6.MOV,65,train,ok,244,60.0,1.0,1.0,0.0,0.352,0.352,1.0,25.6
51/6.MOV,51,train,ok,243,60.0,1.0,1.0,0.0,0.337,0.337,1.0,25.5
6/0.MOV,6,train,ok,243,60.0,1.0,1.0,0.502,0.531,0.531,1.0,25.2
51/7.MOV,51,train,ok,243,60.0,1.0,1.0,0.0,0.321,0.321,1.0,24.7
86/10.MOV,86,train,ok,244,60.0,1.0,1.0,0.303,0.279,0.303,1.0,24.9
96/11.MOV,96,train,ok,244,60.0,1.0,1.0,0.328,0.344,0.348,1.0,25.2
6/13.MOV,6,train,ok,243,60.0,1.0,1.0,0.416,0.366,0.453,1.0,25.8
18/10.MOV,18,train,ok,243,60.0,1.0,1.0,0.16,0.403,0.407,1.0,25.3
50/4.MOV,50,train,ok,243,60.0,1.0,1.0,0.0,0.292,0.292,1.0,25.8
0/7.MOV,0,train,ok,244,60.0,1.0,0.996,0.0,0.361,0.361,1.0,25.4
85/15.MOV,85,train,ok,244,60.0,1.0,1.0,0.357,0.307,0.361,1.0,26.6
91/15.MOV,91,train,ok,243,60.0,1.0,1.0,0.374,0.366,0.436,1.0,25.4
51/19.MOV,51,train,ok,242,60.0,1.0,1.0,0.0,0.442,0.442,1.0,25.6
0/9.MOV,0,train,ok,244,60.0,1.0,0.988,0.0,0.377,0.377,1.0,25.6
2/21.MOV,2,train,ok,244,60.0,1.0,1.0,0.0,0.656,0.656,1.0,26.3
96/0.MOV,96,train,ok,244,60.0,1.0,1.0,0.443,0.467,0.475,1.0,25.6
12/3.MOV,12,train,ok,244,60.0,1.0,1.0,0.0,0.393,0.393,1.0,26.1
24/18.MOV,24,train,ok,244,60.0,1.0,1.0,0.0,0.34,0.34,1.0,26.4
65/11.MOV,65,train,ok,244,60.0,1.0,1.0,0.0,0.303,0.303,1.0,26.2
12/20.MOV,12,train,ok,244,60.0,1.0,1.0,0.0,0.311,0.311,1.0,26.4
89/14.MOV,89,train,ok,244,60.0,1.0,1.0,0.0,0.324,0.324,1.0,25.9
53/9.MOV,53,train,ok,244,60.0,1.0,1.0,0.0,0.254,0.254,1.0,24.1
14/6.MOV,14,train,ok,244,60.0,1.0,1.0,0.0,0.291,0.291,1.0,26.9
95/4.MOV,95,train,ok,244,60.0,1.0,1.0,0.0,0.328,0.328,1.0,24.1
19/7.MOV,19,train,ok,243,60.0,1.0,1.0,0.0,0.3,0.3,1.0,24.9
5/16.MOV,5,train,ok,243,60.0,1.0,1.0,0.0,0.37,0.37,1.0,24.7
72/6.MOV,72,train,ok,244,60.0,1.0,1.0,0.0,0.221,0.221,1.0,23.0
49/7.MOV,49,train,ok,243,60.0,1.0,1.0,0.305,0.305,0.305,1.0,24.1
23/5.MOV,23,train,ok,244,60.0,1.0,1.0,0.0,0.279,0.279,1.0,24.1
72/11.MOV,72,train,ok,245,60.0,1.0,1.0,0.0,0.298,0.298,1.0,24.8
2/1.MOV,2,train,ok,244,60.0,1.0,1.0,0.0,0.553,0.553,1.0,23.9
11/13.MOV,11,train,ok,244,60.0,1.0,1.0,0.0,0.299,0.299,1.0,23.8
63/9.MOV,63,train,ok,244,60.0,1.0,1.0,0.0,0.287,0.287,1.0,25.2
49/11.MOV,49,train,ok,243,60.0,1.0,1.0,0.3,0.198,0.3,1.0,24.6
96/16.MOV,96,train,ok,244,60.0,1.0,1.0,0.41,0.398,0.41,1.0,24.6
22/18.MOV,22,train,ok,244,60.0,1.0,1.0,0.0,0.336,0.336,1.0,24.6
23/2.MOV,23,train,ok,244,60.0,1.0,1.0,0.0,0.262,0.262,1.0,24.8
12/5.MOV,12,train,ok,244,60.0,1.0,1.0,0.0,0.357,0.357,1.0,24.9
4/1.MOV,4,train,ok,243,60.0,1.0,1.0,0.288,0.416,0.428,1.0,24.2
21/5.MOV,21,train,ok,244,60.0,1.0,1.0,0.0,0.299,0.299,1.0,24.2
91/0.MOV,91,train,ok,243,60.0,1.0,1.0,0.354,0.383,0.383,1.0,24.5
23/18.MOV,23,train,ok,244,60.0,1.0,1.0,0.0,0.303,0.303,1.0,25.5
15/3.MOV,15,train,ok,243,60.0,1.0,1.0,0.0,0.309,0.309,1.0,25.2
67/7.MOV,67,train,ok,244,60.0,1.0,1.0,0.016,0.266,0.266,1.0,24.8
77/8.MOV,77,train,ok,244,60.0,1.0,1.0,0.0,0.262,0.262,1.0,23.7
63/17.MOV,63,train,ok,244,60.0,1.0,1.0,0.0,0.299,0.299,1.0,25.2
18/15.MOV,18,train,ok,243,60.0,1.0,1.0,0.506,0.428,0.51,1.0,25.8
21/1.MOV,21,train,ok,244,60.0,1.0,1.0,0.0,0.348,0.348,1.0,25.9
53/11.MOV,53,train,ok,244,60.0,1.0,1.0,0.0,0.205,0.205,1.0,26.7
15/15.MOV,15,train,ok,243,60.0,1.0,1.0,0.0,0.35,0.35,1.0,27.0
56/17.MOV,56,train,ok,244,60.0,1.0,1.0,0.0,0.57,0.57,1.0,26.9
64/15.MOV,64,train,ok,244,60.0,1.0,1.0,0.0,0.361,0.361,1.0,26.7
0/11.MOV,0,train,ok,244,60.0,1.0,1.0,0.0,0.463,0.463,1.0,26.6
62/12.MOV,62,train,ok,245,60.0,1.0,1.0,0.0,0.371,0.371,1.0,26.0
0/4.MOV,0,train,ok,244,60.0,1.0,1.0,0.004,0.467,0.471,1.0,25.0
17/9.MOV,17,train,ok,243,60.0,1.0,1.0,0.206,0.288,0.292,1.0,25.6
3/12.MOV,3,train,ok,244,60.0,1.0,1.0,0.0,0.242,0.242,1.0,25.2
24/9.MOV,24,train,ok,244,60.0,1.0,1.0,0.004,0.303,0.303,1.0,26.0
72/3.MOV,72,train,ok,244,60.0,1.0,1.0,0.0,0.328,0.328,1.0,25.8
13/19.MOV,13,train,ok,244,60.0,1.0,1.0,0.0,0.311,0.311,1.0,25.6
67/5.MOV,67,train,ok,244,60.0,1.0,1.0,0.012,0.283,0.283,1.0,25.5
20/5.MOV,20,train,ok,245,60.0,1.0,1.0,0.0,0.245,0.245,1.0,26.1
9/16.MOV,9,train,ok,245,60.0,1.0,1.0,0.0,0.571,0.571,1.0,24.7
17/13.MOV,17,train,ok,243,60.0,1.0,1.0,0.144,0.193,0.193,1.0,25.3
76/2.MOV,76,train,ok,244,60.0,1.0,1.0,0.0,0.41,0.41,1.0,25.4
19/0.MOV,19,train,ok,243,60.0,1.0,1.0,0.0,0.309,0.309,1.0,24.9
22/8.MOV,22,train,ok,244,60.0,1.0,1.0,0.0,0.279,0.279,1.0,24.4
0/19.MOV,0,train,ok,244,60.0,1.0,1.0,0.0,0.43,0.43,1.0,24.5
10/6.MOV,10,train,ok,244,60.0,1.0,1.0,0.0,0.238,0.238,1.0,24.8
57/11.MOV,57,train,ok,244,60.0,1.0,1.0,0.0,0.262,0.262,1.0,25.0
16/3.MOV,16,train,ok,243,60.0,1.0,1.0,0.004,0.346,0.346,1.0,25.3
67/12.MOV,67,train,ok,244,60.0,1.0,1.0,0.0,0.32,0.32,1.0,25.0
5/1.MOV,5,train,ok,243,60.0,1.0,1.0,0.0,0.235,0.235,1.0,24.9
13/13.MOV,13,train,ok,244,60.0,1.0,1.0,0.0,0.295,0.295,1.0,25.5
7/4.MOV,7,train,ok,243,60.0,1.0,1.0,0.337,0.35,0.35,1.0,24.7
66/8.MOV,66,train,ok,244,60.0,1.0,1.0,0.0,0.266,0.266,1.0,25.0
72/10.MOV,72,train,ok,245,60.0,1.0,1.0,0.0,0.302,0.302,1.0,25.2
89/18.MOV,89,train,ok,244,60.0,1.0,1.0,0.0,0.434,0.434,1.0,25.5
96/2.MOV,96,train,ok,244,60.0,1.0,1.0,0.418,0.422,0.443,1.0,25.3
76/12.MOV,76,train,ok,244,60.0,1.0,1.0,0.0,0.266,0.266,1.0,25.5
7/13.MOV,7,train,ok,243,60.0,1.0,1.0,0.272,0.272,0.276,1.0,25.3
86/19.MOV,86,train,ok,244,60.0,1.0,1.0,0.262,0.316,0.316,1.0,25.3
22/6.MOV,22,train,ok,244,60.0,1.0,1.0,0.0,0.295,0.295,1.0,25.2
9/1.MOV,9,train,ok,242,60.0,1.0,1.0,0.0,0.455,0.455,1.0,25.1
2/3.MOV,2,train,ok,244,60.0,1.0,1.0,0.0,0.545,0.545,1.0,25.9
74/4.MOV,74,train,ok,244,60.0,1.0,1.0,0.0,0.295,0.295,1.0,25.9
20/0.MOV,20,train,ok,245,60.0,1.0,1.0,0.0,0.453,0.453,1.0,25.2
54/12.MOV,54,train,ok,244,60.0,1.0,1.0,0.148,0.225,0.258,1.0,25.4
65/17.MOV,65,train,ok,244,60.0,1.0,1.0,0.0,0.455,0.455,1.0,26.0
96/6.MOV,96,train,ok,244,60.0,1.0,1.0,0.328,0.34,0.344,1.0,24.9
85/5.MOV,85,train,ok,245,60.0,1.0,1.0,0.376,0.335,0.376,1.0,25.6
52/16.MOV,52,train,ok,245,60.0,1.0,1.0,0.0,0.453,0.453,1.0,24.3
2/13.MOV,2,train,ok,244,60.0,1.0,1.0,0.0,0.369,0.369,1.0,25.0
20/15.MOV,20,train,ok,245,60.0,1.0,1.0,0.0,0.4,0.4,1.0,25.0
86/1.MOV,86,train,ok,244,60.0,1.0,1.0,0.357,0.336,0.361,1.0,24.8
91/6.MOV,91,train,ok,243,60.0,1.0,1.0,0.354,0.333,0.354,1.0,24.2
89/3.MOV,89,train,ok,244,60.0,1.0,1.0,0.0,0.414,0.414,1.0,25.0
53/10.MOV,53,train,ok,244,60.0,1.0,1.0,0.0,0.119,0.119,1.0,24.8
85/12.MOV,85,train,ok,244,60.0,1.0,1.0,0.34,0.307,0.34,1.0,24.1
20/12.MOV,20,train,ok,244,60.0,1.0,1.0,0.0,0.234,0.234,1.0,24.1
64/14.MOV,64,train,ok,244,60.0,1.0,1.0,0.0,0.344,0.344,1.0,24.6
19/9.MOV,19,train,ok,243,60.0,1.0,1.0,0.0,0.317,0.317,1.0,24.9
54/4.MOV,54,train,ok,244,60.0,1.0,1.0,0.34,0.217,0.369,1.0,23.8
6/7.MOV,6,train,ok,243,60.0,1.0,1.0,0.469,0.461,0.473,1.0,23.2
86/18.MOV,86,train,ok,244,60.0,1.0,1.0,0.311,0.32,0.32,1.0,23.8
95/0.MOV,95,train,ok,245,60.0,1.0,1.0,0.0,0.384,0.384,1.0,24.6
77/11.MOV,77,train,ok,244,60.0,1.0,1.0,0.0,0.254,0.254,1.0,24.4
91/17.MOV,91,train,ok,243,60.0,1.0,1.0,0.337,0.366,0.407,1.0,24.4
50/7.MOV,50,train,ok,243,60.0,1.0,1.0,0.0,0.346,0.346,1.0,23.5
86/4.MOV,86,train,ok,244,60.0,1.0,1.0,0.34,0.344,0.357,1.0,24.1
65/16.MOV,65,train,ok,244,60.0,1.0,1.0,0.0,0.439,0.439,1.0,24.1
7/3.MOV,7,train,ok,243,60.0,1.0,1.0,0.309,0.313,0.313,1.0,24.5
1/9.MOV,1,train,ok,244,60.0,1.0,1.0,0.0,0.348,0.348,1.0,24.3
2/8.MOV,2,train,ok,244,60.0,1.0,1.0,0.0,0.393,0.393,1.0,25.4
66/15.MOV,66,train,ok,244,60.0,1.0,1.0,0.0,0.258,0.258,1.0,25.4
85/19.MOV,85,train,ok,244,60.0,1.0,1.0,0.402,0.32,0.414,1.0,25.6
64/2.MOV,64,train,ok,244,60.0,1.0,1.0,0.0,0.41,0.41,1.0,25.9
85/4.MOV,85,train,ok,244,60.0,1.0,1.0,0.398,0.34,0.402,1.0,25.3
51/3.MOV,51,train,ok,243,60.0,1.0,1.0,0.0,0.329,0.329,1.0,25.9
51/13.MOV,51,train,ok,243,60.0,1.0,1.0,0.0,0.325,0.325,1.0,24.6
8/8.MOV,8,train,ok,243,60.0,1.0,1.0,0.0,0.37,0.37,1.0,24.5
85/17.MOV,85,train,ok,244,60.0,1.0,1.0,0.426,0.361,0.439,1.0,25.3
9/6.MOV,9,train,ok,243,60.0,1.0,1.0,0.0,0.399,0.399,1.0,24.5
91/12.MOV,91,train,ok,243,60.0,1.0,1.0,0.284,0.313,0.313,1.0,24.6
0/2.MOV,0,train,ok,244,60.0,1.0,1.0,0.0,0.48,0.48,1.0,25.9
8/5.MOV,8,train,ok,243,60.0,1.0,1.0,0.0,0.35,0.35,1.0,24.4
64/7.MOV,64,train,ok,244,60.0,1.0,1.0,0.0,0.361,0.361,1.0,23.8
91/3.MOV,91,train,ok,243,60.0,1.0,1.0,0.337,0.37,0.37,1.0,25.0
17/14.MOV,17,train,ok,243,60.0,1.0,1.0,0.156,0.21,0.21,1.0,24.7
18/6.MOV,18,train,ok,243,60.0,1.0,1.0,0.296,0.424,0.444,1.0,23.7
86/13.MOV,86,train,ok,244,60.0,1.0,1.0,0.34,0.324,0.34,1.0,23.5
56/0.MOV,56,train,ok,244,60.0,1.0,1.0,0.0,0.398,0.398,1.0,23.6
76/14.MOV,76,train,ok,244,60.0,1.0,1.0,0.0,0.295,0.295,1.0,23.2
22/9.MOV,22,train,ok,244,60.0,1.0,1.0,0.0,0.275,0.275,1.0,22.6
23/13.MOV,23,train,ok,244,60.0,1.0,1.0,0.0,0.234,0.234,1.0,23.3
14/9.MOV,14,train,ok,244,60.0,1.0,1.0,0.0,0.324,0.324,1.0,22.9
65/5.MOV,65,train,ok,244,60.0,1.0,1.0,0.0,0.328,0.328,1.0,23.1
66/1.MOV,66,train,ok,244,60.0,1.0,1.0,0.0,0.32,0.32,1.0,23.0
4/8.MOV,4,train,ok,244,60.0,1.0,1.0,0.258,0.402,0.418,1.0,23.1
85/7.MOV,85,train,ok,244,60.0,1.0,1.0,0.373,0.361,0.389,1.0,22.9
62/20.MOV,62,train,ok,244,60.0,1.0,1.0,0.0,0.291,0.291,1.0,23.4
6/15.MOV,6,train,ok,243,60.0,1.0,1.0,0.424,0.428,0.457,1.0,22.9
77/5.MOV,77,train,ok,244,60.0,1.0,1.0,0.0,0.283,0.283,1.0,22.8
19/13.MOV,19,train,ok,243,60.0,1.0,1.0,0.0,0.342,0.342,1.0,22.8
72/13.MOV,72,train,ok,244,60.0,1.0,1.0,0.0,0.262,0.262,1.0,23.5
50/12.MOV,50,train,ok,243,60.0,1.0,1.0,0.0,0.292,0.292,1.0,23.2
96/5.MOV,96,train,ok,244,60.0,1.0,1.0,0.373,0.393,0.402,1.0,22.8
50/18.MOV,50,train,ok,243,60.0,1.0,1.0,0.0,0.383,0.383,1.0,23.0
20/16.MOV,20,train,ok,245,60.0,1.0,1.0,0.0,0.347,0.347,1.0,23.0
7/0.MOV,7,train,ok,243,60.0,1.0,1.0,0.342,0.325,0.346,1.0,22.7
19/16.MOV,19,train,ok,243,60.0,1.0,1.0,0.0,0.374,0.374,1.0,22.6
13/8.MOV,13,train,ok,244,60.0,1.0,1.0,0.0,0.385,0.385,1.0,23.2
91/19.MOV,91,train,ok,243,60.0,1.0,1.0,0.358,0.354,0.432,1.0,22.7
0/0.MOV,0,train,ok,245,60.0,1.0,1.0,0.024,0.592,0.592,1.0,22.6
12/12.MOV,12,train,ok,244,60.0,1.0,1.0,0.0,0.32,0.32,1.0,23.1
0/8.MOV,0,train,ok,244,60.0,1.0,1.0,0.0,0.369,0.369,1.0,21.7
8/14.MOV,8,train,ok,243,60.0,1.0,1.0,0.0,0.276,0.276,1.0,23.4
3/13.MOV,3,train,ok,244,60.0,1.0,1.0,0.0,0.254,0.254,1.0,23.2
85/10.MOV,85,train,ok,245,60.0,1.0,1.0,0.367,0.359,0.371,1.0,23.1
18/16.MOV,18,train,ok,243,60.0,1.0,1.0,0.51,0.416,0.519,1.0,23.0
9/13.MOV,9,train,ok,242,60.0,1.0,1.0,0.0,0.426,0.426,1.0,23.2
74/14.MOV,74,train,ok,244,60.0,1.0,1.0,0.0,0.316,0.316,1.0,23.2
65/13.MOV,65,train,ok,244,60.0,1.0,1.0,0.0,0.336,0.336,1.0,23.3
67/14.MOV,67,train,ok,244,60.0,1.0,1.0,0.0,0.279,0.279,1.0,23.0
67/13.MOV,67,train,ok,244,60.0,1.0,1.0,0.0,0.291,0.291,1.0,22.8
86/16.MOV,86,train,ok,244,60.0,1.0,1.0,0.365,0.365,0.365,1.0,22.7
85/8.MOV,85,train,ok,244,60.0,1.0,1.0,0.361,0.328,0.361,1.0,23.1
0/5.MOV,0,train,ok,245,60.0,1.0,0.988,0.0,0.416,0.416,1.0,23.3
4/9.MOV,4,train,ok,244,60.0,1.0,1.0,0.283,0.402,0.414,1.0,23.5
16/19.MOV,16,train,ok,243,60.0,1.0,1.0,0.0,0.44,0.44,1.0,22.7
96/9.MOV,96,train,ok,244,60.0,1.0,1.0,0.357,0.34,0.361,1.0,23.2
56/12.MOV,56,train,ok,244,60.0,1.0,1.0,0.0,0.332,0.332,1.0,22.9
13/3.MOV,13,train,ok,244,60.0,1.0,1.0,0.0,0.352,0.352,1.0,22.8
24/15.MOV,24,train,ok,244,60.0,1.0,1.0,0.0,0.201,0.201,1.0,22.4
54/7.MOV,54,train,ok,244,60.0,1.0,1.0,0.279,0.336,0.344,1.0,21.2
10/5.MOV,10,train,ok,245,60.0,1.0,1.0,0.0,0.327,0.327,1.0,23.2
23/17.MOV,23,train,ok,244,60.0,1.0,1.0,0.0,0.291,0.291,1.0,22.3
63/6.MOV,63,train,ok,244,60.0,1.0,1.0,0.0,0.316,0.316,1.0,22.2
52/1.MOV,52,train,ok,245,60.0,1.0,1.0,0.0,0.478,0.478,1.0,22.7
14/11.MOV,14,train,ok,244,60.0,1.0,1.0,0.0,0.295,0.295,1.0,22.8
1/16.MOV,1,train,ok,244,60.0,1.0,1.0,0.0,0.516,0.516,1.0,22.0
5/4.MOV,5,train,ok,243,60.0,1.0,1.0,0.0,0.091,0.091,1.0,21.2
7/11.MOV,7,train,ok,243,60.0,1.0,1.0,0.292,0.28,0.296,1.0,22.0
53/4.MOV,53,train,ok,244,60.0,1.0,1.0,0.0,0.365,0.365,1.0,22.0
5/19.MOV,5,train,ok,243,60.0,1.0,1.0,0.0,0.387,0.387,1.0,22.5
7/8.MOV,7,train,ok,243,60.0,1.0,1.0,0.305,0.288,0.305,1.0,21.7
13/11.MOV,13,train,ok,244,60.0,1.0,1.0,0.0,0.279,0.279,1.0,22.5
96/20.MOV,96,train,ok,244,60.0,1.0,1.0,0.34,0.357,0.357,1.0,22.3
16/8.MOV,16,train,ok,243,60.0,1.0,1.0,0.0,0.354,0.354,1.0,22.3
10/13.MOV,10,train,ok,244,60.0,1.0,1.0,0.0,0.303,0.303,1.0,21.8
16/6.MOV,16,train,ok,243,60.0,1.0,1.0,0.0,0.366,0.366,1.0,22.6
15/7.MOV,15,train,ok,243,60.0,1.0,1.0,0.0,0.313,0.313,1.0,22.1
51/10.MOV,51,train,ok,243,60.0,1.0,1.0,0.0,0.313,0.313,1.0,22.1
52/3.MOV,52,train,ok,244,60.0,1.0,1.0,0.0,0.369,0.369,1.0,22.3
96/17.MOV,96,train,ok,244,60.0,1.0,1.0,0.389,0.393,0.393,1.0,22.2
96/13.MOV,96,test,ok,244,60.0,1.0,1.0,0.299,0.316,0.316,1.0,22.5
7/6.MOV,7,test,ok,243,60.0,1.0,1.0,0.284,0.267,0.284,1.0,21.6
15/6.MOV,15,test,ok,244,60.0,1.0,1.0,0.0,0.311,0.311,1.0,22.4
17/18.MOV,17,test,ok,243,60.0,1.0,1.0,0.457,0.399,0.461,1.0,21.9
13/18.MOV,13,test,ok,244,60.0,1.0,1.0,0.0,0.357,0.357,1.0,22.7
63/8.MOV,63,test,ok,244,60.0,1.0,1.0,0.0,0.279,0.279,1.0,22.2
54/1.MOV,54,test,ok,244,60.0,1.0,1.0,0.357,0.262,0.426,1.0,22.7
11/5.MOV,11,test,ok,244,60.0,1.0,1.0,0.0,0.295,0.295,1.0,22.6
22/1.MOV,22,test,ok,244,60.0,1.0,1.0,0.0,0.348,0.348,1.0,22.5
85/1.MOV,85,test,ok,245,60.0,1.0,1.0,0.404,0.339,0.404,1.0,23.1
16/17.MOV,16,test,ok,243,60.0,1.0,1.0,0.0,0.453,0.453,1.0,22.8
54/2.MOV,54,test,ok,244,60.0,1.0,1.0,0.344,0.262,0.41,1.0,22.5
62/16.MOV,62,test,ok,245,60.0,1.0,1.0,0.114,0.482,0.522,1.0,22.4
23/8.MOV,23,test,ok,244,60.0,1.0,1.0,0.0,0.307,0.307,1.0,22.7
91/9.MOV,91,test,ok,243,60.0,1.0,1.0,0.358,0.354,0.37,1.0,22.1
24/13.MOV,24,test,ok,244,60.0,1.0,1.0,0.0,0.258,0.258,1.0,22.0
64/10.MOV,64,test,ok,244,60.0,1.0,1.0,0.0,0.336,0.336,1.0,22.4
65/7.MOV,65,test,ok,244,60.0,1.0,1.0,0.0,0.34,0.34,1.0,21.8
5/12.MOV,5,test,ok,243,60.0,1.0,1.0,0.0,0.35,0.35,1.0,21.9
56/16.MOV,56,test,ok,244,60.0,1.0,1.0,0.0,0.484,0.484,1.0,21.8
72/8.MOV,72,test,ok,244,60.0,1.0,1.0,0.0,0.344,0.344,1.0,20.6
2/20.MOV,2,test,ok,244,60.0,1.0,1.0,0.0,0.52,0.52,1.0,21.9
0/17.MOV,0,test,ok,244,60.0,1.0,1.0,0.0,0.48,0.48,1.0,21.6
5/7.MOV,5,test,ok,243,60.0,1.0,1.0,0.0,0.309,0.309,1.0,20.8
20/8.MOV,20,test,ok,244,60.0,1.0,1.0,0.0,0.197,0.197,1.0,21.9
53/8.MOV,53,test,ok,244,60.0,1.0,1.0,0.0,0.213,0.213,1.0,20.2
2/16.MOV,2,test,ok,244,60.0,1.0,1.0,0.0,0.508,0.508,1.0,22.1
49/16.MOV,49,test,ok,243,60.0,1.0,1.0,0.387,0.374,0.407,1.0,21.9
2/15.MOV,2,test,ok,244,60.0,1.0,1.0,0.0,0.439,0.439,1.0,21.7
16/16.MOV,16,test,ok,243,60.0,1.0,1.0,0.0,0.407,0.407,1.0,22.0
57/16.MOV,57,test,ok,244,60.0,1.0,1.0,0.0,0.393,0.393,1.0,21.8
56/6.MOV,56,test,ok,244,60.0,1.0,1.0,0.0,0.283,0.283,1.0,20.9
20/6.MOV,20,test,ok,244,60.0,1.0,1.0,0.0,0.225,0.225,1.0,21.9
67/19.MOV,67,test,ok,244,60.0,1.0,1.0,0.0,0.283,0.283,1.0,22.2
10/3.MOV,10,test,ok,244,60.0,1.0,1.0,0.0,0.352,0.352,1.0,22.2
53/0.MOV,53,test,ok,244,60.0,1.0,1.0,0.0,0.377,0.377,1.0,22.2
4/11.MOV,4,test,ok,244,60.0,1.0,1.0,0.246,0.377,0.389,1.0,21.8
3/19.MOV,3,test,ok,243,60.0,1.0,1.0,0.0,0.412,0.412,1.0,22.0
0/16.MOV,0,test,ok,244,60.0,1.0,1.0,0.0,0.463,0.463,1.0,22.3
77/4.MOV,77,test,ok,244,60.0,1.0,1.0,0.0,0.299,0.299,1.0,22.1
6/14.MOV,6,test,ok,243,60.0,1.0,1.0,0.436,0.37,0.449,1.0,22.4
55/11.MOV,55,test,ok,244,60.0,1.0,1.0,0.189,0.201,0.307,1.0,22.5
51/15.MOV,51,test,ok,242,60.0,1.0,1.0,0.0,0.31,0.31,1.0,22.3
50/19.MOV,50,test,ok,243,60.0,1.0,1.0,0.0,0.366,0.366,1.0,22.0
74/19.MOV,74,test,ok,244,60.0,1.0,1.0,0.0,0.295,0.295,1.0,21.5
89/5.MOV,89,test,ok,244,60.0,1.0,1.0,0.0,0.328,0.328,1.0,21.9
8/9.MOV,8,test,ok,243,60.0,1.0,1.0,0.0,0.317,0.317,1.0,21.9
20/17.MOV,20,test,ok,244,60.0,1.0,1.0,0.0,0.357,0.357,1.0,22.6
4/5.MOV,4,test,ok,244,60.0,1.0,1.0,0.283,0.381,0.41,1.0,21.1
22/11.MOV,22,test,ok,244,60.0,1.0,1.0,0.0,0.242,0.242,1.0,21.9
51/17.MOV,51,test,ok,242,60.0,1.0,1.0,0.0,0.343,0.343,1.0,22.4
76/16.MOV,76,test,ok,244,60.0,1.0,1.0,0.0,0.336,0.336,1.0,22.0
8/19.MOV,8,test,ok,243,60.0,1.0,1.0,0.255,0.263,0.263,1.0,22.1
91/5.MOV,91,test,ok,243,60.0,1.0,1.0,0.387,0.366,0.395,1.0,22.2
96/19.MOV,96,test,ok,244,60.0,1.0,1.0,0.344,0.357,0.365,1.0,22.7
53/2.MOV,53,test,ok,244,60.0,1.0,1.0,0.0,0.246,0.246,1.0,23.3
50/2.MOV,50,test,ok,243,60.0,1.0,1.0,0.0,0.309,0.309,1.0,23.4
66/5.MOV,66,test,ok,244,60.0,1.0,1.0,0.0,0.32,0.32,1.0,24.1
15/18.MOV,15,test,ok,243,60.0,1.0,1.0,0.0,0.374,0.374,1.0,24.3
91/16.MOV,91,test,ok,243,60.0,1.0,1.0,0.424,0.387,0.473,1.0,28.7
0/1.MOV,0,test,ok,244,60.0,1.0,1.0,0.0,0.496,0.496,1.0,28.5
12/14.MOV,12,test,ok,244,60.0,1.0,1.0,0.0,0.328,0.328,1.0,33.0
86/3.MOV,86,test,ok,244,60.0,1.0,1.0,0.361,0.352,0.365,1.0,33.8
54/0.MOV,54,test,ok,244,60.0,1.0,1.0,0.398,0.275,0.443,1.0,37.7
74/10.MOV,74,test,ok,244,60.0,1.0,1.0,0.0,0.32,0.32,1.0,38.6
13/9.MOV,13,test,ok,244,60.0,1.0,1.0,0.0,0.41,0.41,1.0,33.8
62/15.MOV,62,test,ok,244,60.0,1.0,1.0,0.0,0.344,0.344,1.0,34.9
24/17.MOV,24,test,ok,244,60.0,1.0,1.0,0.0,0.238,0.238,1.0,30.0
66/12.MOV,66,test,ok,244,60.0,1.0,1.0,0.0,0.266,0.266,1.0,28.9
55/7.MOV,55,test,ok,244,60.0,1.0,1.0,0.156,0.332,0.344,1.0,25.5
19/1.MOV,19,test,ok,243,60.0,1.0,1.0,0.0,0.276,0.276,1.0,25.2
16/9.MOV,16,test,ok,243,60.0,1.0,1.0,0.0,0.325,0.325,1.0,24.6
18/11.MOV,18,test,ok,243,60.0,1.0,1.0,0.177,0.395,0.395,1.0,24.1
18/4.MOV,18,test,ok,243,60.0,1.0,1.0,0.263,0.259,0.399,1.0,25.4
14/12.MOV,14,test,ok,244,60.0,1.0,1.0,0.0,0.316,0.316,1.0,25.6
65/18.MOV,65,test,ok,244,60.0,1.0,1.0,0.0,0.41,0.41,1.0,23.3
3/4.MOV,3,test,ok,244,60.0,1.0,1.0,0.0,0.336,0.336,1.0,23.4
74/3.MOV,74,test,ok,244,60.0,1.0,1.0,0.0,0.328,0.328,1.0,23.1
13/6.MOV,13,test,ok,244,60.0,1.0,1.0,0.0,0.365,0.365,1.0,23.3
21/17.MOV,21,test,ok,244,60.0,1.0,1.0,0.0,0.324,0.324,1.0,22.7
16/5.MOV,16,test,ok,243,60.0,1.0,1.0,0.0,0.329,0.329,1.0,22.4
51/18.MOV,51,test,ok,242,60.0,1.0,1.0,0.0,0.322,0.322,1.0,23.6
95/10.MOV,95,test,ok,245,60.0,1.0,1.0,0.004,0.331,0.331,1.0,23.3
4/17.MOV,4,test,ok,243,60.0,1.0,1.0,0.305,0.453,0.469,1.0,23.2
11/1.MOV,11,test,ok,244,60.0,1.0,1.0,0.0,0.439,0.439,1.0,22.9
13/15.MOV,13,test,ok,244,60.0,1.0,1.0,0.0,0.316,0.316,1.0,23.4
4/4.MOV,4,test,ok,243,60.0,1.0,1.0,0.288,0.461,0.465,1.0,23.1
10/7.MOV,10,test,ok,244,60.0,1.0,1.0,0.0,0.283,0.283,1.0,23.9
55/13.MOV,55,test,ok,244,60.0,1.0,1.0,0.102,0.225,0.283,1.0,24.2
23/3.MOV,23,test,ok,244,60.0,1.0,1.0,0.0,0.283,0.283,1.0,23.8
63/13.MOV,63,test,ok,244,60.0,1.0,1.0,0.0,0.316,0.316,1.0,24.3
17/17.MOV,17,test,ok,243,60.0,1.0,1.0,0.346,0.267,0.346,1.0,24.4
22/13.MOV,22,test,ok,244,60.0,1.0,1.0,0.0,0.242,0.242,1.0,24.2
7/16.MOV,7,test,ok,243,60.0,1.0,1.0,0.465,0.469,0.473,1.0,22.2
72/2.MOV,72,test,ok,244,60.0,1.0,1.0,0.0,0.291,0.291,1.0,23.1
10/14.MOV,10,test,ok,244,60.0,1.0,1.0,0.0,0.348,0.348,1.0,23.5
10/18.MOV,10,test,ok,244,60.0,1.0,1.0,0.0,0.316,0.316,1.0,22.9
6/20.MOV,6,test,ok,243,60.0,1.0,1.0,0.687,0.724,0.728,1.0,22.1
50/5.MOV,50,test,ok,243,60.0,1.0,1.0,0.0,0.329,0.329,1.0,22.7
23/14.MOV,23,test,ok,244,60.0,1.0,1.0,0.0,0.242,0.242,1.0,23.6
7/9.MOV,7,test,ok,243,60.0,1.0,1.0,0.276,0.267,0.28,1.0,21.8
52/18.MOV,52,test,ok,244,60.0,1.0,1.0,0.0,0.398,0.398,1.0,23.6
64/19.MOV,64,test,ok,244,60.0,1.0,1.0,0.0,0.398,0.398,1.0,23.8
77/6.MOV,77,test,ok,244,60.0,1.0,1.0,0.0,0.402,0.402,1.0,23.9
86/17.MOV,86,test,ok,244,60.0,1.0,1.0,0.324,0.336,0.336,1.0,24.2
12/16.MOV,12,test,ok,244,60.0,1.0,1.0,0.0,0.402,0.402,1.0,23.6
24/19.MOV,24,test,ok,244,60.0,1.0,1.0,0.0,0.463,0.463,1.0,23.5
77/19.MOV,77,test,ok,244,60.0,1.0,1.0,0.0,0.406,0.406,1.0,23.3
67/10.MOV,67,test,ok,244,60.0,1.0,1.0,0.0,0.258,0.258,1.0,23.2
64/3.MOV,64,test,ok,244,60.0,1.0,1.0,0.0,0.402,0.402,1.0,22.6
63/18.MOV,63,test,ok,244,60.0,1.0,1.0,0.0,0.221,0.221,1.0,22.8
72/1.MOV,72,test,ok,245,60.0,1.0,1.0,0.0,0.339,0.339,1.0,21.8
95/1.MOV,95,test,ok,245,60.0,1.0,1.0,0.0,0.347,0.347,1.0,22.1
56/7.MOV,56,test,ok,243,60.0,1.0,1.0,0.0,0.296,0.296,1.0,21.7
9/4.MOV,9,test,ok,242,60.0,1.0,1.0,0.004,0.475,0.475,1.0,22.3
86/7.MOV,86,test,ok,244,60.0,1.0,1.0,0.324,0.303,0.324,1.0,22.2
9/15.MOV,9,test,ok,246,60.0,1.0,1.0,0.0,0.455,0.455,1.0,22.0
0/14.MOV,0,test,ok,244,60.0,1.0,1.0,0.0,0.41,0.41,1.0,22.3
15/17.MOV,15,test,ok,243,60.0,1.0,1.0,0.0,0.333,0.333,1.0,22.3
95/12.MOV,95,test,ok,244,60.0,1.0,1.0,0.0,0.324,0.324,1.0,22.5
52/9.MOV,52,test,ok,244,60.0,1.0,1.0,0.0,0.25,0.25,1.0,21.4
95/17.MOV,95,test,ok,244,60.0,1.0,1.0,0.0,0.332,0.332,1.0,22.6
14/5.MOV,14,test,ok,244,60.0,1.0,1.0,0.0,0.283,0.283,1.0,22.7
51/5.MOV,51,test,ok,243,60.0,1.0,1.0,0.0,0.337,0.337,1.0,23.1
76/15.MOV,76,test,ok,244,60.0,1.0,1.0,0.0,0.299,0.299,1.0,23.0
89/2.MOV,89,test,ok,244,60.0,1.0,1.0,0.0,0.398,0.398,1.0,23.7
23/15.MOV,23,test,ok,244,60.0,1.0,1.0,0.0,0.275,0.275,1.0,22.9
89/19.MOV,89,test,ok,244,60.0,1.0,1.0,0.156,0.693,0.693,1.0,22.6
7/15.MOV,7,test,ok,243,60.0,1.0,1.0,0.407,0.416,0.416,1.0,23.2
17/12.MOV,17,test,ok,243,60.0,1.0,1.0,0.156,0.206,0.21,1.0,23.0
85/14.MOV,85,test,ok,244,60.0,1.0,1.0,0.332,0.303,0.332,1.0,23.1
17/15.MOV,17,test,ok,243,60.0,1.0,1.0,0.214,0.263,0.276,1.0,22.8
20/14.MOV,20,test,ok,244,60.0,1.0,1.0,0.0,0.221,0.221,1.0,22.7
57/7.MOV,57,test,ok,243,60.0,1.0,1.0,0.0,0.276,0.276,1.0,21.7
52/13.MOV,52,test,ok,244,60.0,1.0,1.0,0.0,0.279,0.279,1.0,23.5
86/8.MOV,86,test,ok,244,60.0,1.0,1.0,0.324,0.32,0.332,1.0,23.3
18/2.MOV,18,test,ok,243,60.0,1.0,1.0,0.23,0.346,0.42,1.0,23.1
12/11.MOV,12,test,ok,244,60.0,1.0,1.0,0.0,0.307,0.307,1.0,23.1
18/3.MOV,18,test,ok,243,60.0,1.0,1.0,0.325,0.313,0.453,1.0,23.4
1/7.MOV,1,test,ok,244,60.0,1.0,1.0,0.0,0.385,0.385,1.0,22.3
50/3.MOV,50,test,ok,243,60.0,1.0,1.0,0.0,0.305,0.305,1.0,22.8
24/5.MOV,24,test,ok,244,60.0,1.0,1.0,0.029,0.27,0.27,1.0,22.2
89/4.MOV,89,test,ok,244,60.0,1.0,1.0,0.0,0.389,0.389,1.0,23.8
12/8.MOV,12,test,ok,244,60.0,1.0,1.0,0.0,0.332,0.332,1.0,23.5
76/10.MOV,76,test,ok,244,60.0,1.0,1.0,0.0,0.275,0.275,1.0,23.0
17/4.MOV,17,test,ok,243,60.0,1.0,1.0,0.095,0.28,0.28,1.0,23.3
55/10.MOV,55,test,ok,244,60.0,1.0,1.0,0.209,0.209,0.344,1.0,23.2
85/0.MOV,85,test,ok,245,60.0,1.0,1.0,0.453,0.384,0.453,1.0,22.9
14/14.MOV,14,test,ok,244,60.0,1.0,1.0,0.0,0.332,0.332,1.0,22.4
1/13.MOV,1,test,ok,244,60.0,1.0,1.0,0.0,0.43,0.43,1.0,23.4
53/18.MOV,53,test,ok,244,60.0,1.0,1.0,0.0,0.361,0.361,1.0,23.3
2/0.MOV,2,test,ok,244,60.0,1.0,1.0,0.0,0.582,0.582,1.0,23.3
85/13.MOV,85,test,ok,244,60.0,1.0,1.0,0.393,0.369,0.402,1.0,24.2
9/18.MOV,9,test,ok,245,60.0,1.0,1.0,0.0,0.502,0.502,1.0,25.5
52/17.MOV,52,test,ok,244,60.0,1.0,1.0,0.0,0.418,0.418,1.0,24.8
3/3.MOV,3,test,ok,244,60.0,1.0,1.0,0.004,0.357,0.357,1.0,25.1
57/3.MOV,57,test,ok,244,60.0,1.0,1.0,0.004,0.307,0.307,1.0,24.6
96/8.MOV,96,test,ok,244,60.0,1.0,1.0,0.324,0.324,0.348,1.0,25.6
72/12.MOV,72,test,ok,244,60.0,1.0,1.0,0.0,0.287,0.287,1.0,25.1
19/12.MOV,19,test,ok,243,60.0,1.0,1.0,0.0,0.366,0.366,1.0,24.9
65/12.MOV,65,test,ok,244,60.0,1.0,1.0,0.0,0.34,0.34,1.0,24.3
21/8.MOV,21,test,ok,244,60.0,1.0,1.0,0.0,0.262,0.262,1.0,25.2
66/6.MOV,66,test,ok,244,60.0,1.0,1.0,0.0,0.283,0.283,1.0,24.8
96/15.MOV,96,test,ok,244,60.0,1.0,1.0,0.311,0.324,0.332,1.0,24.7
74/15.MOV,74,test,ok,244,60.0,1.0,1.0,0.0,0.258,0.258,1.0,24.9
21/16.MOV,21,test,ok,244,60.0,1.0,1.0,0.0,0.357,0.357,1.0,24.9
6/18.MOV,6,test,ok,243,60.0,1.0,1.0,0.486,0.498,0.498,1.0,24.6
21/7.MOV,21,test,ok,244,60.0,1.0,1.0,0.0,0.262,0.262,1.0,24.3
8/7.MOV,8,test,ok,243,60.0,1.0,1.0,0.0,0.342,0.342,1.0,24.5
64/8.MOV,64,test,ok,244,60.0,1.0,1.0,0.0,0.373,0.373,1.0,23.9
5/6.MOV,5,test,ok,243,60.0,1.0,1.0,0.0,0.267,0.267,1.0,23.4
8/2.MOV,8,test,ok,243,60.0,1.0,1.0,0.0,0.399,0.399,1.0,25.6
66/11.MOV,66,test,ok,244,60.0,1.0,1.0,0.0,0.275,0.275,1.0,25.3
19/5.MOV,19,test,ok,243,60.0,1.0,1.0,0.0,0.288,0.288,1.0,25.1
1/20.MOV,1,test,ok,244,60.0,1.0,1.0,0.0,0.545,0.545,1.0,25.5
91/2.MOV,91,test,ok,243,60.0,1.0,1.0,0.37,0.424,0.424,1.0,25.0
77/12.MOV,77,test,ok,244,60.0,1.0,1.0,0.0,0.258,0.258,1.0,25.4
54/16.MOV,54,test,ok,244,60.0,1.0,0.996,0.369,0.426,0.426,1.0,24.0
65/8.MOV,65,test,ok,244,60.0,1.0,1.0,0.0,0.34,0.34,1.0,24.8
49/19.MOV,49,test,ok,243,60.0,1.0,1.0,0.28,0.259,0.28,1.0,24.5
6/4.MOV,6,test,ok,243,60.0,1.0,1.0,0.543,0.572,0.576,1.0,24.2
6/9.MOV,6,test,ok,243,60.0,1.0,1.0,0.49,0.481,0.498,1.0,24.1
1/10.MOV,1,test,ok,244,60.0,1.0,0.98,0.0,0.484,0.484,1.0,24.9
67/15.MOV,67,test,ok,244,60.0,1.0,1.0,0.0,0.27,0.27,1.0,24.0
49/18.MOV,49,test,ok,243,60.0,1.0,1.0,0.313,0.288,0.317,1.0,24.3
3/6.MOV,3,test,ok,244,60.0,1.0,1.0,0.0,0.238,0.238,1.0,24.7
19/6.MOV,19,test,ok,243,60.0,1.0,1.0,0.0,0.309,0.309,1.0,24.8
14/2.MOV,14,test,ok,244,60.0,1.0,1.0,0.0,0.303,0.303,1.0,24.5
76/18.MOV,76,test,ok,244,60.0,1.0,1.0,0.0,0.406,0.406,1.0,24.3
9/9.MOV,9,test,ok,242,60.0,1.0,0.996,0.0,0.409,0.409,1.0,23.9
62/3.MOV,62,test,ok,244,60.0,1.0,1.0,0.0,0.393,0.393,1.0,24.4
11/17.MOV,11,test,ok,244,60.0,1.0,1.0,0.0,0.414,0.414,1.0,24.4
67/0.MOV,67,test,ok,244,60.0,1.0,1.0,0.0,0.303,0.303,1.0,24.4
11/10.MOV,11,test,ok,244,60.0,1.0,1.0,0.0,0.348,0.348,1.0,24.7
57/10.MOV,57,test,ok,244,60.0,1.0,1.0,0.0,0.295,0.295,1.0,23.9
22/12.MOV,22,test,ok,244,60.0,1.0,1.0,0.0,0.234,0.234,1.0,23.5
63/4.MOV,63,test,ok,244,60.0,1.0,1.0,0.0,0.447,0.447,1.0,24.4
2/9.MOV,2,test,ok,244,60.0,1.0,1.0,0.0,0.398,0.398,1.0,24.5
62/11.MOV,62,test,ok,245,60.0,1.0,1.0,0.0,0.367,0.367,1.0,24.3
5/9.MOV,5,test,ok,243,60.0,1.0,1.0,0.0,0.251,0.251,1.0,23.0
49/8.MOV,49,test,ok,243,60.0,1.0,1.0,0.259,0.263,0.263,1.0,21.4
56/8.MOV,56,test,ok,244,60.0,1.0,1.0,0.0,0.328,0.328,1.0,14.1
15/2.MOV,15,test,ok,243,60.0,1.0,1.0,0.0,0.358,0.358,1.0,13.6
