candidate_id,condition,class_id,source_class_id,target_label,status,run_id,predicted_0,predicted_1,predicted_2,predicted_3,predicted_4,predicted_5,predicted_6,predicted_7,predicted_8,predicted_9,predicted_10,predicted_11,predicted_12,predicted_13,predicted_14,predicted_15,predicted_16,predicted_17,predicted_18,predicted_19,predicted_20,predicted_21,predicted_22,predicted_23,predicted_24,predicted_25,predicted_26,predicted_27,predicted_28,predicted_29,predicted_30,predicted_31,predicted_32,predicted_33,predicted_34,predicted_35,predicted_36,predicted_37,predicted_38,predicted_39,predicted_40,predicted_41,predicted_42,predicted_43,predicted_44,predicted_45,predicted_46,predicted_47,predicted_48,predicted_49
redmi_note_11_4gb_candidate,optimal,0,0,GOOD MORNING,BLOCKED,,,,,,,,,,,,,,,,,,,,,,,,,,,,,,,,,,,,,,,,,,,,,,,,,,,
redmi_note_11_4gb_candidate,optimal,1,1,GOOD AFTERNOON,BLOCKED,,,,,,,,,,,,,,,,,,,,,,,,,,,,,,,,,,,,,,,,,,,,,,,,,,,
redmi_note_11_4gb_candidate,optimal,2,2,GOOD EVENING,BLOCKED,,,,,,,,,,,,,,,,,,,,,,,,,,,,,,,,,,,,,,,,,,,,,,,,,,,
redmi_note_11_4gb_candidate,optimal,3,3,HELLO,BLOCKED,,,,,,,,,,,,,,,,,,,,,,,,,,,,,,,,,,,,,,,,,,,,,,,,,,,
redmi_note_11_4gb_candidate,optimal,4,4,HOW ARE YOU,BLOCKED,,,,,,,,,,,,,,,,,,,,,,,,,,,,,,,,,,,,,,,,,,,,,,,,,,,
redmi_note_11_4gb_candidate,optimal,5,5,IM FINE,BLOCKED,,,,,,,,,,,,,,,,,,,,,,,,,,,,,,,,,,,,,,,,,,,,,,,,,,,
redmi_note_11_4gb_candidate,optimal,6,6,NICE TO MEET YOU,BLOCKED,,,,,,,,,,,,,,,,,,,,,,,,,,,,,,,,,,,,,,,,,,,,,,,,,,,
redmi_note_11_4gb_candidate,optimal,7,7,THANK YOU,BLOCKED,,,,,,,,,,,,,,,,,,,,,,,,,,,,,,,,,,,,,,,,,,,,,,,,,,,
redmi_note_11_4gb_candidate,optimal,8,8,YOURE WELCOME,BLOCKED,,,,,,,,,,,,,,,,,,,,,,,,,,,,,,,,,,,,,,,,,,,,,,,,,,,
redmi_note_11_4gb_candidate,optimal,9,9,SEE YOU TOMORROW,BLOCKED,,,,,,,,,,,,,,,,,,,,,,,,,,,,,,,,,,,,,,,,,,,,,,,,,,,
redmi_note_11_4gb_candidate,optimal,10,10,UNDERSTAND,BLOCKED,,,,,,,,,,,,,,,,,,,,,,,,,,,,,,,,,,,,,,,,,,,,,,,,,,,
redmi_note_11_4gb_candidate,optimal,11,11,DON’T UNDERSTAND,BLOCKED,,,,,,,,,,,,,,,,,,,,,,,,,,,,,,,,,,,,,,,,,,,,,,,,,,,
redmi_note_11_4gb_candidate,optimal,12,12,KNOW,BLOCKED,,,,,,,,,,,,,,,,,,,,,,,,,,,,,,,,,,,,,,,,,,,,,,,,,,,
redmi_note_11_4gb_candidate,optimal,13,13,DON’T KNOW,BLOCKED,,,,,,,,,,,,,,,,,,,,,,,,,,,,,,,,,,,,,,,,,,,,,,,,,,,
redmi_note_11_4gb_candidate,optimal,14,14,NO,BLOCKED,,,,,,,,,,,,,,,,,,,,,,,,,,,,,,,,,,,,,,,,,,,,,,,,,,,
redmi_note_11_4gb_candidate,optimal,15,15,YES,BLOCKED,,,,,,,,,,,,,,,,,,,,,,,,,,,,,,,,,,,,,,,,,,,,,,,,,,,
redmi_note_11_4gb_candidate,optimal,16,16,WRONG,BLOCKED,,,,,,,,,,,,,,,,,,,,,,,,,,,,,,,,,,,,,,,,,,,,,,,,,,,
redmi_note_11_4gb_candidate,optimal,17,17,CORRECT,BLOCKED,,,,,,,,,,,,,,,,,,,,,,,,,,,,,,,,,,,,,,,,,,,,,,,,,,,
redmi_note_11_4gb_candidate,optimal,18,18,SLOW,BLOCKED,,,,,,,,,,,,,,,,,,,,,,,,,,,,,,,,,,,,,,,,,,,,,,,,,,,
redmi_note_11_4gb_candidate,optimal,19,19,FAST,BLOCKED,,,,,,,,,,,,,,,,,,,,,,,,,,,,,,,,,,,,,,,,,,,,,,,,,,,
redmi_note_11_4gb_candidate,optimal,20,20,ONE,BLOCKED,,,,,,,,,,,,,,,,,,,,,,,,,,,,,,,,,,,,,,,,,,,,,,,,,,,
redmi_note_11_4gb_candidate,optimal,21,21,TWO,BLOCKED,,,,,,,,,,,,,,,,,,,,,,,,,,,,,,,,,,,,,,,,,,,,,,,,,,,
redmi_note_11_4gb_candidate,optimal,22,22,THREE,BLOCKED,,,,,,,,,,,,,,,,,,,,,,,,,,,,,,,,,,,,,,,,,,,,,,,,,,,
redmi_note_11_4gb_candidate,optimal,23,23,FOUR,BLOCKED,,,,,,,,,,,,,,,,,,,,,,,,,,,,,,,,,,,,,,,,,,,,,,,,,,,
redmi_note_11_4gb_candidate,optimal,24,24,FIVE,BLOCKED,,,,,,,,,,,,,,,,,,,,,,,,,,,,,,,,,,,,,,,,,,,,,,,,,,,
redmi_note_11_4gb_candidate,optimal,25,49,TODAY,BLOCKED,,,,,,,,,,,,,,,,,,,,,,,,,,,,,,,,,,,,,,,,,,,,,,,,,,,
redmi_note_11_4gb_candidate,optimal,26,50,TOMORROW,BLOCKED,,,,,,,,,,,,,,,,,,,,,,,,,,,,,,,,,,,,,,,,,,,,,,,,,,,
redmi_note_11_4gb_candidate,optimal,27,51,YESTERDAY,BLOCKED,,,,,,,,,,,,,,,,,,,,,,,,,,,,,,,,,,,,,,,,,,,,,,,,,,,
redmi_note_11_4gb_candidate,optimal,28,52,FATHER,BLOCKED,,,,,,,,,,,,,,,,,,,,,,,,,,,,,,,,,,,,,,,,,,,,,,,,,,,
redmi_note_11_4gb_candidate,optimal,29,53,MOTHER,BLOCKED,,,,,,,,,,,,,,,,,,,,,,,,,,,,,,,,,,,,,,,,,,,,,,,,,,,
redmi_note_11_4gb_candidate,optimal,30,54,SON,BLOCKED,,,,,,,,,,,,,,,,,,,,,,,,,,,,,,,,,,,,,,,,,,,,,,,,,,,
redmi_note_11_4gb_candidate,optimal,31,55,DAUGHTER,BLOCKED,,,,,,,,,,,,,,,,,,,,,,,,,,,,,,,,,,,,,,,,,,,,,,,,,,,
redmi_note_11_4gb_candidate,optimal,32,56,GRANDFATHER,BLOCKED,,,,,,,,,,,,,,,,,,,,,,,,,,,,,,,,,,,,,,,,,,,,,,,,,,,
redmi_note_11_4gb_candidate,optimal,33,57,GRANDMOTHER,BLOCKED,,,,,,,,,,,,,,,,,,,,,,,,,,,,,,,,,,,,,,,,,,,,,,,,,,,
redmi_note_11_4gb_candidate,optimal,34,62,BOY,BLOCKED,,,,,,,,,,,,,,,,,,,,,,,,,,,,,,,,,,,,,,,,,,,,,,,,,,,
redmi_note_11_4gb_candidate,optimal,35,63,GIRL,BLOCKED,,,,,,,,,,,,,,,,,,,,,,,,,,,,,,,,,,,,,,,,,,,,,,,,,,,
redmi_note_11_4gb_candidate,optimal,36,64,MAN,BLOCKED,,,,,,,,,,,,,,,,,,,,,,,,,,,,,,,,,,,,,,,,,,,,,,,,,,,
redmi_note_11_4gb_candidate,optimal,37,65,WOMAN,BLOCKED,,,,,,,,,,,,,,,,,,,,,,,,,,,,,,,,,,,,,,,,,,,,,,,,,,,
redmi_note_11_4gb_candidate,optimal,38,66,DEAF,BLOCKED,,,,,,,,,,,,,,,,,,,,,,,,,,,,,,,,,,,,,,,,,,,,,,,,,,,
redmi_note_11_4gb_candidate,optimal,39,67,HARD OF HEARING,BLOCKED,,,,,,,,,,,,,,,,,,,,,,,,,,,,,,,,,,,,,,,,,,,,,,,,,,,
redmi_note_11_4gb_candidate,optimal,40,72,BLUE,BLOCKED,,,,,,,,,,,,,,,,,,,,,,,,,,,,,,,,,,,,,,,,,,,,,,,,,,,
redmi_note_11_4gb_candidate,optimal,41,74,RED,BLOCKED,,,,,,,,,,,,,,,,,,,,,,,,,,,,,,,,,,,,,,,,,,,,,,,,,,,
redmi_note_11_4gb_candidate,optimal,42,76,BLACK,BLOCKED,,,,,,,,,,,,,,,,,,,,,,,,,,,,,,,,,,,,,,,,,,,,,,,,,,,
redmi_note_11_4gb_candidate,optimal,43,77,WHITE,BLOCKED,,,,,,,,,,,,,,,,,,,,,,,,,,,,,,,,,,,,,,,,,,,,,,,,,,,
redmi_note_11_4gb_candidate,optimal,44,85,BREAD,BLOCKED,,,,,,,,,,,,,,,,,,,,,,,,,,,,,,,,,,,,,,,,,,,,,,,,,,,
redmi_note_11_4gb_candidate,optimal,45,86,EGG,BLOCKED,,,,,,,,,,,,,,,,,,,,,,,,,,,,,,,,,,,,,,,,,,,,,,,,,,,
redmi_note_11_4gb_candidate,optimal,46,89,CHICKEN,BLOCKED,,,,,,,,,,,,,,,,,,,,,,,,,,,,,,,,,,,,,,,,,,,,,,,,,,,
redmi_note_11_4gb_candidate,optimal,47,91,RICE,BLOCKED,,,,,,,,,,,,,,,,,,,,,,,,,,,,,,,,,,,,,,,,,,,,,,,,,,,
redmi_note_11_4gb_candidate,optimal,48,95,HOT,BLOCKED,,,,,,,,,,,,,,,,,,,,,,,,,,,,,,,,,,,,,,,,,,,,,,,,,,,
redmi_note_11_4gb_candidate,optimal,49,96,COLD,BLOCKED,,,,,,,,,,,,,,,,,,,,,,,,,,,,,,,,,,,,,,,,,,,,,,,,,,,
redmi_note_11_4gb_candidate,low_light,0,0,GOOD MORNING,BLOCKED,,,,,,,,,,,,,,,,,,,,,,,,,,,,,,,,,,,,,,,,,,,,,,,,,,,
redmi_note_11_4gb_candidate,low_light,1,1,GOOD AFTERNOON,BLOCKED,,,,,,,,,,,,,,,,,,,,,,,,,,,,,,,,,,,,,,,,,,,,,,,,,,,
redmi_note_11_4gb_candidate,low_light,2,2,GOOD EVENING,BLOCKED,,,,,,,,,,,,,,,,,,,,,,,,,,,,,,,,,,,,,,,,,,,,,,,,,,,
redmi_note_11_4gb_candidate,low_light,3,3,HELLO,BLOCKED,,,,,,,,,,,,,,,,,,,,,,,,,,,,,,,,,,,,,,,,,,,,,,,,,,,
redmi_note_11_4gb_candidate,low_light,4,4,HOW ARE YOU,BLOCKED,,,,,,,,,,,,,,,,,,,,,,,,,,,,,,,,,,,,,,,,,,,,,,,,,,,
redmi_note_11_4gb_candidate,low_light,5,5,IM FINE,BLOCKED,,,,,,,,,,,,,,,,,,,,,,,,,,,,,,,,,,,,,,,,,,,,,,,,,,,
redmi_note_11_4gb_candidate,low_light,6,6,NICE TO MEET YOU,BLOCKED,,,,,,,,,,,,,,,,,,,,,,,,,,,,,,,,,,,,,,,,,,,,,,,,,,,
redmi_note_11_4gb_candidate,low_light,7,7,THANK YOU,BLOCKED,,,,,,,,,,,,,,,,,,,,,,,,,,,,,,,,,,,,,,,,,,,,,,,,,,,
redmi_note_11_4gb_candidate,low_light,8,8,YOURE WELCOME,BLOCKED,,,,,,,,,,,,,,,,,,,,,,,,,,,,,,,,,,,,,,,,,,,,,,,,,,,
redmi_note_11_4gb_candidate,low_light,9,9,SEE YOU TOMORROW,BLOCKED,,,,,,,,,,,,,,,,,,,,,,,,,,,,,,,,,,,,,,,,,,,,,,,,,,,
redmi_note_11_4gb_candidate,low_light,10,10,UNDERSTAND,BLOCKED,,,,,,,,,,,,,,,,,,,,,,,,,,,,,,,,,,,,,,,,,,,,,,,,,,,
redmi_note_11_4gb_candidate,low_light,11,11,DON’T UNDERSTAND,BLOCKED,,,,,,,,,,,,,,,,,,,,,,,,,,,,,,,,,,,,,,,,,,,,,,,,,,,
redmi_note_11_4gb_candidate,low_light,12,12,KNOW,BLOCKED,,,,,,,,,,,,,,,,,,,,,,,,,,,,,,,,,,,,,,,,,,,,,,,,,,,
redmi_note_11_4gb_candidate,low_light,13,13,DON’T KNOW,BLOCKED,,,,,,,,,,,,,,,,,,,,,,,,,,,,,,,,,,,,,,,,,,,,,,,,,,,
redmi_note_11_4gb_candidate,low_light,14,14,NO,BLOCKED,,,,,,,,,,,,,,,,,,,,,,,,,,,,,,,,,,,,,,,,,,,,,,,,,,,
redmi_note_11_4gb_candidate,low_light,15,15,YES,BLOCKED,,,,,,,,,,,,,,,,,,,,,,,,,,,,,,,,,,,,,,,,,,,,,,,,,,,
redmi_note_11_4gb_candidate,low_light,16,16,WRONG,BLOCKED,,,,,,,,,,,,,,,,,,,,,,,,,,,,,,,,,,,,,,,,,,,,,,,,,,,
redmi_note_11_4gb_candidate,low_light,17,17,CORRECT,BLOCKED,,,,,,,,,,,,,,,,,,,,,,,,,,,,,,,,,,,,,,,,,,,,,,,,,,,
redmi_note_11_4gb_candidate,low_light,18,18,SLOW,BLOCKED,,,,,,,,,,,,,,,,,,,,,,,,,,,,,,,,,,,,,,,,,,,,,,,,,,,
redmi_note_11_4gb_candidate,low_light,19,19,FAST,BLOCKED,,,,,,,,,,,,,,,,,,,,,,,,,,,,,,,,,,,,,,,,,,,,,,,,,,,
redmi_note_11_4gb_candidate,low_light,20,20,ONE,BLOCKED,,,,,,,,,,,,,,,,,,,,,,,,,,,,,,,,,,,,,,,,,,,,,,,,,,,
redmi_note_11_4gb_candidate,low_light,21,21,TWO,BLOCKED,,,,,,,,,,,,,,,,,,,,,,,,,,,,,,,,,,,,,,,,,,,,,,,,,,,
redmi_note_11_4gb_candidate,low_light,22,22,THREE,BLOCKED,,,,,,,,,,,,,,,,,,,,,,,,,,,,,,,,,,,,,,,,,,,,,,,,,,,
redmi_note_11_4gb_candidate,low_light,23,23,FOUR,BLOCKED,,,,,,,,,,,,,,,,,,,,,,,,,,,,,,,,,,,,,,,,,,,,,,,,,,,
redmi_note_11_4gb_candidate,low_light,24,24,FIVE,BLOCKED,,,,,,,,,,,,,,,,,,,,,,,,,,,,,,,,,,,,,,,,,,,,,,,,,,,
redmi_note_11_4gb_candidate,low_light,25,49,TODAY,BLOCKED,,,,,,,,,,,,,,,,,,,,,,,,,,,,,,,,,,,,,,,,,,,,,,,,,,,
redmi_note_11_4gb_candidate,low_light,26,50,TOMORROW,BLOCKED,,,,,,,,,,,,,,,,,,,,,,,,,,,,,,,,,,,,,,,,,,,,,,,,,,,
redmi_note_11_4gb_candidate,low_light,27,51,YESTERDAY,BLOCKED,,,,,,,,,,,,,,,,,,,,,,,,,,,,,,,,,,,,,,,,,,,,,,,,,,,
redmi_note_11_4gb_candidate,low_light,28,52,FATHER,BLOCKED,,,,,,,,,,,,,,,,,,,,,,,,,,,,,,,,,,,,,,,,,,,,,,,,,,,
redmi_note_11_4gb_candidate,low_light,29,53,MOTHER,BLOCKED,,,,,,,,,,,,,,,,,,,,,,,,,,,,,,,,,,,,,,,,,,,,,,,,,,,
redmi_note_11_4gb_candidate,low_light,30,54,SON,BLOCKED,,,,,,,,,,,,,,,,,,,,,,,,,,,,,,,,,,,,,,,,,,,,,,,,,,,
redmi_note_11_4gb_candidate,low_light,31,55,DAUGHTER,BLOCKED,,,,,,,,,,,,,,,,,,,,,,,,,,,,,,,,,,,,,,,,,,,,,,,,,,,
redmi_note_11_4gb_candidate,low_light,32,56,GRANDFATHER,BLOCKED,,,,,,,,,,,,,,,,,,,,,,,,,,,,,,,,,,,,,,,,,,,,,,,,,,,
redmi_note_11_4gb_candidate,low_light,33,57,GRANDMOTHER,BLOCKED,,,,,,,,,,,,,,,,,,,,,,,,,,,,,,,,,,,,,,,,,,,,,,,,,,,
redmi_note_11_4gb_candidate,low_light,34,62,BOY,BLOCKED,,,,,,,,,,,,,,,,,,,,,,,,,,,,,,,,,,,,,,,,,,,,,,,,,,,
redmi_note_11_4gb_candidate,low_light,35,63,GIRL,BLOCKED,,,,,,,,,,,,,,,,,,,,,,,,,,,,,,,,,,,,,,,,,,,,,,,,,,,
redmi_note_11_4gb_candidate,low_light,36,64,MAN,BLOCKED,,,,,,,,,,,,,,,,,,,,,,,,,,,,,,,,,,,,,,,,,,,,,,,,,,,
redmi_note_11_4gb_candidate,low_light,37,65,WOMAN,BLOCKED,,,,,,,,,,,,,,,,,,,,,,,,,,,,,,,,,,,,,,,,,,,,,,,,,,,
redmi_note_11_4gb_candidate,low_light,38,66,DEAF,BLOCKED,,,,,,,,,,,,,,,,,,,,,,,,,,,,,,,,,,,,,,,,,,,,,,,,,,,
redmi_note_11_4gb_candidate,low_light,39,67,HARD OF HEARING,BLOCKED,,,,,,,,,,,,,,,,,,,,,,,,,,,,,,,,,,,,,,,,,,,,,,,,,,,
redmi_note_11_4gb_candidate,low_light,40,72,BLUE,BLOCKED,,,,,,,,,,,,,,,,,,,,,,,,,,,,,,,,,,,,,,,,,,,,,,,,,,,
redmi_note_11_4gb_candidate,low_light,41,74,RED,BLOCKED,,,,,,,,,,,,,,,,,,,,,,,,,,,,,,,,,,,,,,,,,,,,,,,,,,,
redmi_note_11_4gb_candidate,low_light,42,76,BLACK,BLOCKED,,,,,,,,,,,,,,,,,,,,,,,,,,,,,,,,,,,,,,,,,,,,,,,,,,,
redmi_note_11_4gb_candidate,low_light,43,77,WHITE,BLOCKED,,,,,,,,,,,,,,,,,,,,,,,,,,,,,,,,,,,,,,,,,,,,,,,,,,,
redmi_note_11_4gb_candidate,low_light,44,85,BREAD,BLOCKED,,,,,,,,,,,,,,,,,,,,,,,,,,,,,,,,,,,,,,,,,,,,,,,,,,,
redmi_note_11_4gb_candidate,low_light,45,86,EGG,BLOCKED,,,,,,,,,,,,,,,,,,,,,,,,,,,,,,,,,,,,,,,,,,,,,,,,,,,
redmi_note_11_4gb_candidate,low_light,46,89,CHICKEN,BLOCKED,,,,,,,,,,,,,,,,,,,,,,,,,,,,,,,,,,,,,,,,,,,,,,,,,,,
redmi_note_11_4gb_candidate,low_light,47,91,RICE,BLOCKED,,,,,,,,,,,,,,,,,,,,,,,,,,,,,,,,,,,,,,,,,,,,,,,,,,,
redmi_note_11_4gb_candidate,low_light,48,95,HOT,BLOCKED,,,,,,,,,,,,,,,,,,,,,,,,,,,,,,,,,,,,,,,,,,,,,,,,,,,
redmi_note_11_4gb_candidate,low_light,49,96,COLD,BLOCKED,,,,,,,,,,,,,,,,,,,,,,,,,,,,,,,,,,,,,,,,,,,,,,,,,,,
redmi_note_11_4gb_candidate,cluttered,0,0,GOOD MORNING,BLOCKED,,,,,,,,,,,,,,,,,,,,,,,,,,,,,,,,,,,,,,,,,,,,,,,,,,,
redmi_note_11_4gb_candidate,cluttered,1,1,GOOD AFTERNOON,BLOCKED,,,,,,,,,,,,,,,,,,,,,,,,,,,,,,,,,,,,,,,,,,,,,,,,,,,
redmi_note_11_4gb_candidate,cluttered,2,2,GOOD EVENING,BLOCKED,,,,,,,,,,,,,,,,,,,,,,,,,,,,,,,,,,,,,,,,,,,,,,,,,,,
redmi_note_11_4gb_candidate,cluttered,3,3,HELLO,BLOCKED,,,,,,,,,,,,,,,,,,,,,,,,,,,,,,,,,,,,,,,,,,,,,,,,,,,
redmi_note_11_4gb_candidate,cluttered,4,4,HOW ARE YOU,BLOCKED,,,,,,,,,,,,,,,,,,,,,,,,,,,,,,,,,,,,,,,,,,,,,,,,,,,
redmi_note_11_4gb_candidate,cluttered,5,5,IM FINE,BLOCKED,,,,,,,,,,,,,,,,,,,,,,,,,,,,,,,,,,,,,,,,,,,,,,,,,,,
redmi_note_11_4gb_candidate,cluttered,6,6,NICE TO MEET YOU,BLOCKED,,,,,,,,,,,,,,,,,,,,,,,,,,,,,,,,,,,,,,,,,,,,,,,,,,,
redmi_note_11_4gb_candidate,cluttered,7,7,THANK YOU,BLOCKED,,,,,,,,,,,,,,,,,,,,,,,,,,,,,,,,,,,,,,,,,,,,,,,,,,,
redmi_note_11_4gb_candidate,cluttered,8,8,YOURE WELCOME,BLOCKED,,,,,,,,,,,,,,,,,,,,,,,,,,,,,,,,,,,,,,,,,,,,,,,,,,,
redmi_note_11_4gb_candidate,cluttered,9,9,SEE YOU TOMORROW,BLOCKED,,,,,,,,,,,,,,,,,,,,,,,,,,,,,,,,,,,,,,,,,,,,,,,,,,,
redmi_note_11_4gb_candidate,cluttered,10,10,UNDERSTAND,BLOCKED,,,,,,,,,,,,,,,,,,,,,,,,,,,,,,,,,,,,,,,,,,,,,,,,,,,
redmi_note_11_4gb_candidate,cluttered,11,11,DON’T UNDERSTAND,BLOCKED,,,,,,,,,,,,,,,,,,,,,,,,,,,,,,,,,,,,,,,,,,,,,,,,,,,
redmi_note_11_4gb_candidate,cluttered,12,12,KNOW,BLOCKED,,,,,,,,,,,,,,,,,,,,,,,,,,,,,,,,,,,,,,,,,,,,,,,,,,,
redmi_note_11_4gb_candidate,cluttered,13,13,DON’T KNOW,BLOCKED,,,,,,,,,,,,,,,,,,,,,,,,,,,,,,,,,,,,,,,,,,,,,,,,,,,
redmi_note_11_4gb_candidate,cluttered,14,14,NO,BLOCKED,,,,,,,,,,,,,,,,,,,,,,,,,,,,,,,,,,,,,,,,,,,,,,,,,,,
redmi_note_11_4gb_candidate,cluttered,15,15,YES,BLOCKED,,,,,,,,,,,,,,,,,,,,,,,,,,,,,,,,,,,,,,,,,,,,,,,,,,,
redmi_note_11_4gb_candidate,cluttered,16,16,WRONG,BLOCKED,,,,,,,,,,,,,,,,,,,,,,,,,,,,,,,,,,,,,,,,,,,,,,,,,,,
redmi_note_11_4gb_candidate,cluttered,17,17,CORRECT,BLOCKED,,,,,,,,,,,,,,,,,,,,,,,,,,,,,,,,,,,,,,,,,,,,,,,,,,,
redmi_note_11_4gb_candidate,cluttered,18,18,SLOW,BLOCKED,,,,,,,,,,,,,,,,,,,,,,,,,,,,,,,,,,,,,,,,,,,,,,,,,,,
redmi_note_11_4gb_candidate,cluttered,19,19,FAST,BLOCKED,,,,,,,,,,,,,,,,,,,,,,,,,,,,,,,,,,,,,,,,,,,,,,,,,,,
redmi_note_11_4gb_candidate,cluttered,20,20,ONE,BLOCKED,,,,,,,,,,,,,,,,,,,,,,,,,,,,,,,,,,,,,,,,,,,,,,,,,,,
redmi_note_11_4gb_candidate,cluttered,21,21,TWO,BLOCKED,,,,,,,,,,,,,,,,,,,,,,,,,,,,,,,,,,,,,,,,,,,,,,,,,,,
redmi_note_11_4gb_candidate,cluttered,22,22,THREE,BLOCKED,,,,,,,,,,,,,,,,,,,,,,,,,,,,,,,,,,,,,,,,,,,,,,,,,,,
redmi_note_11_4gb_candidate,cluttered,23,23,FOUR,BLOCKED,,,,,,,,,,,,,,,,,,,,,,,,,,,,,,,,,,,,,,,,,,,,,,,,,,,
redmi_note_11_4gb_candidate,cluttered,24,24,FIVE,BLOCKED,,,,,,,,,,,,,,,,,,,,,,,,,,,,,,,,,,,,,,,,,,,,,,,,,,,
redmi_note_11_4gb_candidate,cluttered,25,49,TODAY,BLOCKED,,,,,,,,,,,,,,,,,,,,,,,,,,,,,,,,,,,,,,,,,,,,,,,,,,,
redmi_note_11_4gb_candidate,cluttered,26,50,TOMORROW,BLOCKED,,,,,,,,,,,,,,,,,,,,,,,,,,,,,,,,,,,,,,,,,,,,,,,,,,,
redmi_note_11_4gb_candidate,cluttered,27,51,YESTERDAY,BLOCKED,,,,,,,,,,,,,,,,,,,,,,,,,,,,,,,,,,,,,,,,,,,,,,,,,,,
redmi_note_11_4gb_candidate,cluttered,28,52,FATHER,BLOCKED,,,,,,,,,,,,,,,,,,,,,,,,,,,,,,,,,,,,,,,,,,,,,,,,,,,
redmi_note_11_4gb_candidate,cluttered,29,53,MOTHER,BLOCKED,,,,,,,,,,,,,,,,,,,,,,,,,,,,,,,,,,,,,,,,,,,,,,,,,,,
redmi_note_11_4gb_candidate,cluttered,30,54,SON,BLOCKED,,,,,,,,,,,,,,,,,,,,,,,,,,,,,,,,,,,,,,,,,,,,,,,,,,,
redmi_note_11_4gb_candidate,cluttered,31,55,DAUGHTER,BLOCKED,,,,,,,,,,,,,,,,,,,,,,,,,,,,,,,,,,,,,,,,,,,,,,,,,,,
redmi_note_11_4gb_candidate,cluttered,32,56,GRANDFATHER,BLOCKED,,,,,,,,,,,,,,,,,,,,,,,,,,,,,,,,,,,,,,,,,,,,,,,,,,,
redmi_note_11_4gb_candidate,cluttered,33,57,GRANDMOTHER,BLOCKED,,,,,,,,,,,,,,,,,,,,,,,,,,,,,,,,,,,,,,,,,,,,,,,,,,,
redmi_note_11_4gb_candidate,cluttered,34,62,BOY,BLOCKED,,,,,,,,,,,,,,,,,,,,,,,,,,,,,,,,,,,,,,,,,,,,,,,,,,,
redmi_note_11_4gb_candidate,cluttered,35,63,GIRL,BLOCKED,,,,,,,,,,,,,,,,,,,,,,,,,,,,,,,,,,,,,,,,,,,,,,,,,,,
redmi_note_11_4gb_candidate,cluttered,36,64,MAN,BLOCKED,,,,,,,,,,,,,,,,,,,,,,,,,,,,,,,,,,,,,,,,,,,,,,,,,,,
redmi_note_11_4gb_candidate,cluttered,37,65,WOMAN,BLOCKED,,,,,,,,,,,,,,,,,,,,,,,,,,,,,,,,,,,,,,,,,,,,,,,,,,,
redmi_note_11_4gb_candidate,cluttered,38,66,DEAF,BLOCKED,,,,,,,,,,,,,,,,,,,,,,,,,,,,,,,,,,,,,,,,,,,,,,,,,,,
redmi_note_11_4gb_candidate,cluttered,39,67,HARD OF HEARING,BLOCKED,,,,,,,,,,,,,,,,,,,,,,,,,,,,,,,,,,,,,,,,,,,,,,,,,,,
redmi_note_11_4gb_candidate,cluttered,40,72,BLUE,BLOCKED,,,,,,,,,,,,,,,,,,,,,,,,,,,,,,,,,,,,,,,,,,,,,,,,,,,
redmi_note_11_4gb_candidate,cluttered,41,74,RED,BLOCKED,,,,,,,,,,,,,,,,,,,,,,,,,,,,,,,,,,,,,,,,,,,,,,,,,,,
redmi_note_11_4gb_candidate,cluttered,42,76,BLACK,BLOCKED,,,,,,,,,,,,,,,,,,,,,,,,,,,,,,,,,,,,,,,,,,,,,,,,,,,
redmi_note_11_4gb_candidate,cluttered,43,77,WHITE,BLOCKED,,,,,,,,,,,,,,,,,,,,,,,,,,,,,,,,,,,,,,,,,,,,,,,,,,,
redmi_note_11_4gb_candidate,cluttered,44,85,BREAD,BLOCKED,,,,,,,,,,,,,,,,,,,,,,,,,,,,,,,,,,,,,,,,,,,,,,,,,,,
redmi_note_11_4gb_candidate,cluttered,45,86,EGG,BLOCKED,,,,,,,,,,,,,,,,,,,,,,,,,,,,,,,,,,,,,,,,,,,,,,,,,,,
redmi_note_11_4gb_candidate,cluttered,46,89,CHICKEN,BLOCKED,,,,,,,,,,,,,,,,,,,,,,,,,,,,,,,,,,,,,,,,,,,,,,,,,,,
redmi_note_11_4gb_candidate,cluttered,47,91,RICE,BLOCKED,,,,,,,,,,,,,,,,,,,,,,,,,,,,,,,,,,,,,,,,,,,,,,,,,,,
redmi_note_11_4gb_candidate,cluttered,48,95,HOT,BLOCKED,,,,,,,,,,,,,,,,,,,,,,,,,,,,,,,,,,,,,,,,,,,,,,,,,,,
redmi_note_11_4gb_candidate,cluttered,49,96,COLD,BLOCKED,,,,,,,,,,,,,,,,,,,,,,,,,,,,,,,,,,,,,,,,,,,,,,,,,,,
additional_device_unverified,optimal,0,0,GOOD MORNING,BLOCKED,,,,,,,,,,,,,,,,,,,,,,,,,,,,,,,,,,,,,,,,,,,,,,,,,,,
additional_device_unverified,optimal,1,1,GOOD AFTERNOON,BLOCKED,,,,,,,,,,,,,,,,,,,,,,,,,,,,,,,,,,,,,,,,,,,,,,,,,,,
additional_device_unverified,optimal,2,2,GOOD EVENING,BLOCKED,,,,,,,,,,,,,,,,,,,,,,,,,,,,,,,,,,,,,,,,,,,,,,,,,,,
additional_device_unverified,optimal,3,3,HELLO,BLOCKED,,,,,,,,,,,,,,,,,,,,,,,,,,,,,,,,,,,,,,,,,,,,,,,,,,,
additional_device_unverified,optimal,4,4,HOW ARE YOU,BLOCKED,,,,,,,,,,,,,,,,,,,,,,,,,,,,,,,,,,,,,,,,,,,,,,,,,,,
additional_device_unverified,optimal,5,5,IM FINE,BLOCKED,,,,,,,,,,,,,,,,,,,,,,,,,,,,,,,,,,,,,,,,,,,,,,,,,,,
additional_device_unverified,optimal,6,6,NICE TO MEET YOU,BLOCKED,,,,,,,,,,,,,,,,,,,,,,,,,,,,,,,,,,,,,,,,,,,,,,,,,,,
additional_device_unverified,optimal,7,7,THANK YOU,BLOCKED,,,,,,,,,,,,,,,,,,,,,,,,,,,,,,,,,,,,,,,,,,,,,,,,,,,
additional_device_unverified,optimal,8,8,YOURE WELCOME,BLOCKED,,,,,,,,,,,,,,,,,,,,,,,,,,,,,,,,,,,,,,,,,,,,,,,,,,,
additional_device_unverified,optimal,9,9,SEE YOU TOMORROW,BLOCKED,,,,,,,,,,,,,,,,,,,,,,,,,,,,,,,,,,,,,,,,,,,,,,,,,,,
additional_device_unverified,optimal,10,10,UNDERSTAND,BLOCKED,,,,,,,,,,,,,,,,,,,,,,,,,,,,,,,,,,,,,,,,,,,,,,,,,,,
additional_device_unverified,optimal,11,11,DON’T UNDERSTAND,BLOCKED,,,,,,,,,,,,,,,,,,,,,,,,,,,,,,,,,,,,,,,,,,,,,,,,,,,
additional_device_unverified,optimal,12,12,KNOW,BLOCKED,,,,,,,,,,,,,,,,,,,,,,,,,,,,,,,,,,,,,,,,,,,,,,,,,,,
additional_device_unverified,optimal,13,13,DON’T KNOW,BLOCKED,,,,,,,,,,,,,,,,,,,,,,,,,,,,,,,,,,,,,,,,,,,,,,,,,,,
additional_device_unverified,optimal,14,14,NO,BLOCKED,,,,,,,,,,,,,,,,,,,,,,,,,,,,,,,,,,,,,,,,,,,,,,,,,,,
additional_device_unverified,optimal,15,15,YES,BLOCKED,,,,,,,,,,,,,,,,,,,,,,,,,,,,,,,,,,,,,,,,,,,,,,,,,,,
additional_device_unverified,optimal,16,16,WRONG,BLOCKED,,,,,,,,,,,,,,,,,,,,,,,,,,,,,,,,,,,,,,,,,,,,,,,,,,,
additional_device_unverified,optimal,17,17,CORRECT,BLOCKED,,,,,,,,,,,,,,,,,,,,,,,,,,,,,,,,,,,,,,,,,,,,,,,,,,,
additional_device_unverified,optimal,18,18,SLOW,BLOCKED,,,,,,,,,,,,,,,,,,,,,,,,,,,,,,,,,,,,,,,,,,,,,,,,,,,
additional_device_unverified,optimal,19,19,FAST,BLOCKED,,,,,,,,,,,,,,,,,,,,,,,,,,,,,,,,,,,,,,,,,,,,,,,,,,,
additional_device_unverified,optimal,20,20,ONE,BLOCKED,,,,,,,,,,,,,,,,,,,,,,,,,,,,,,,,,,,,,,,,,,,,,,,,,,,
additional_device_unverified,optimal,21,21,TWO,BLOCKED,,,,,,,,,,,,,,,,,,,,,,,,,,,,,,,,,,,,,,,,,,,,,,,,,,,
additional_device_unverified,optimal,22,22,THREE,BLOCKED,,,,,,,,,,,,,,,,,,,,,,,,,,,,,,,,,,,,,,,,,,,,,,,,,,,
additional_device_unverified,optimal,23,23,FOUR,BLOCKED,,,,,,,,,,,,,,,,,,,,,,,,,,,,,,,,,,,,,,,,,,,,,,,,,,,
additional_device_unverified,optimal,24,24,FIVE,BLOCKED,,,,,,,,,,,,,,,,,,,,,,,,,,,,,,,,,,,,,,,,,,,,,,,,,,,
additional_device_unverified,optimal,25,49,TODAY,BLOCKED,,,,,,,,,,,,,,,,,,,,,,,,,,,,,,,,,,,,,,,,,,,,,,,,,,,
additional_device_unverified,optimal,26,50,TOMORROW,BLOCKED,,,,,,,,,,,,,,,,,,,,,,,,,,,,,,,,,,,,,,,,,,,,,,,,,,,
additional_device_unverified,optimal,27,51,YESTERDAY,BLOCKED,,,,,,,,,,,,,,,,,,,,,,,,,,,,,,,,,,,,,,,,,,,,,,,,,,,
additional_device_unverified,optimal,28,52,FATHER,BLOCKED,,,,,,,,,,,,,,,,,,,,,,,,,,,,,,,,,,,,,,,,,,,,,,,,,,,
additional_device_unverified,optimal,29,53,MOTHER,BLOCKED,,,,,,,,,,,,,,,,,,,,,,,,,,,,,,,,,,,,,,,,,,,,,,,,,,,
additional_device_unverified,optimal,30,54,SON,BLOCKED,,,,,,,,,,,,,,,,,,,,,,,,,,,,,,,,,,,,,,,,,,,,,,,,,,,
additional_device_unverified,optimal,31,55,DAUGHTER,BLOCKED,,,,,,,,,,,,,,,,,,,,,,,,,,,,,,,,,,,,,,,,,,,,,,,,,,,
additional_device_unverified,optimal,32,56,GRANDFATHER,BLOCKED,,,,,,,,,,,,,,,,,,,,,,,,,,,,,,,,,,,,,,,,,,,,,,,,,,,
additional_device_unverified,optimal,33,57,GRANDMOTHER,BLOCKED,,,,,,,,,,,,,,,,,,,,,,,,,,,,,,,,,,,,,,,,,,,,,,,,,,,
additional_device_unverified,optimal,34,62,BOY,BLOCKED,,,,,,,,,,,,,,,,,,,,,,,,,,,,,,,,,,,,,,,,,,,,,,,,,,,
additional_device_unverified,optimal,35,63,GIRL,BLOCKED,,,,,,,,,,,,,,,,,,,,,,,,,,,,,,,,,,,,,,,,,,,,,,,,,,,
additional_device_unverified,optimal,36,64,MAN,BLOCKED,,,,,,,,,,,,,,,,,,,,,,,,,,,,,,,,,,,,,,,,,,,,,,,,,,,
additional_device_unverified,optimal,37,65,WOMAN,BLOCKED,,,,,,,,,,,,,,,,,,,,,,,,,,,,,,,,,,,,,,,,,,,,,,,,,,,
additional_device_unverified,optimal,38,66,DEAF,BLOCKED,,,,,,,,,,,,,,,,,,,,,,,,,,,,,,,,,,,,,,,,,,,,,,,,,,,
additional_device_unverified,optimal,39,67,HARD OF HEARING,BLOCKED,,,,,,,,,,,,,,,,,,,,,,,,,,,,,,,,,,,,,,,,,,,,,,,,,,,
additional_device_unverified,optimal,40,72,BLUE,BLOCKED,,,,,,,,,,,,,,,,,,,,,,,,,,,,,,,,,,,,,,,,,,,,,,,,,,,
additional_device_unverified,optimal,41,74,RED,BLOCKED,,,,,,,,,,,,,,,,,,,,,,,,,,,,,,,,,,,,,,,,,,,,,,,,,,,
additional_device_unverified,optimal,42,76,BLACK,BLOCKED,,,,,,,,,,,,,,,,,,,,,,,,,,,,,,,,,,,,,,,,,,,,,,,,,,,
additional_device_unverified,optimal,43,77,WHITE,BLOCKED,,,,,,,,,,,,,,,,,,,,,,,,,,,,,,,,,,,,,,,,,,,,,,,,,,,
additional_device_unverified,optimal,44,85,BREAD,BLOCKED,,,,,,,,,,,,,,,,,,,,,,,,,,,,,,,,,,,,,,,,,,,,,,,,,,,
additional_device_unverified,optimal,45,86,EGG,BLOCKED,,,,,,,,,,,,,,,,,,,,,,,,,,,,,,,,,,,,,,,,,,,,,,,,,,,
additional_device_unverified,optimal,46,89,CHICKEN,BLOCKED,,,,,,,,,,,,,,,,,,,,,,,,,,,,,,,,,,,,,,,,,,,,,,,,,,,
additional_device_unverified,optimal,47,91,RICE,BLOCKED,,,,,,,,,,,,,,,,,,,,,,,,,,,,,,,,,,,,,,,,,,,,,,,,,,,
additional_device_unverified,optimal,48,95,HOT,BLOCKED,,,,,,,,,,,,,,,,,,,,,,,,,,,,,,,,,,,,,,,,,,,,,,,,,,,
additional_device_unverified,optimal,49,96,COLD,BLOCKED,,,,,,,,,,,,,,,,,,,,,,,,,,,,,,,,,,,,,,,,,,,,,,,,,,,
additional_device_unverified,low_light,0,0,GOOD MORNING,BLOCKED,,,,,,,,,,,,,,,,,,,,,,,,,,,,,,,,,,,,,,,,,,,,,,,,,,,
additional_device_unverified,low_light,1,1,GOOD AFTERNOON,BLOCKED,,,,,,,,,,,,,,,,,,,,,,,,,,,,,,,,,,,,,,,,,,,,,,,,,,,
additional_device_unverified,low_light,2,2,GOOD EVENING,BLOCKED,,,,,,,,,,,,,,,,,,,,,,,,,,,,,,,,,,,,,,,,,,,,,,,,,,,
additional_device_unverified,low_light,3,3,HELLO,BLOCKED,,,,,,,,,,,,,,,,,,,,,,,,,,,,,,,,,,,,,,,,,,,,,,,,,,,
additional_device_unverified,low_light,4,4,HOW ARE YOU,BLOCKED,,,,,,,,,,,,,,,,,,,,,,,,,,,,,,,,,,,,,,,,,,,,,,,,,,,
additional_device_unverified,low_light,5,5,IM FINE,BLOCKED,,,,,,,,,,,,,,,,,,,,,,,,,,,,,,,,,,,,,,,,,,,,,,,,,,,
additional_device_unverified,low_light,6,6,NICE TO MEET YOU,BLOCKED,,,,,,,,,,,,,,,,,,,,,,,,,,,,,,,,,,,,,,,,,,,,,,,,,,,
additional_device_unverified,low_light,7,7,THANK YOU,BLOCKED,,,,,,,,,,,,,,,,,,,,,,,,,,,,,,,,,,,,,,,,,,,,,,,,,,,
additional_device_unverified,low_light,8,8,YOURE WELCOME,BLOCKED,,,,,,,,,,,,,,,,,,,,,,,,,,,,,,,,,,,,,,,,,,,,,,,,,,,
additional_device_unverified,low_light,9,9,SEE YOU TOMORROW,BLOCKED,,,,,,,,,,,,,,,,,,,,,,,,,,,,,,,,,,,,,,,,,,,,,,,,,,,
additional_device_unverified,low_light,10,10,UNDERSTAND,BLOCKED,,,,,,,,,,,,,,,,,,,,,,,,,,,,,,,,,,,,,,,,,,,,,,,,,,,
additional_device_unverified,low_light,11,11,DON’T UNDERSTAND,BLOCKED,,,,,,,,,,,,,,,,,,,,,,,,,,,,,,,,,,,,,,,,,,,,,,,,,,,
additional_device_unverified,low_light,12,12,KNOW,BLOCKED,,,,,,,,,,,,,,,,,,,,,,,,,,,,,,,,,,,,,,,,,,,,,,,,,,,
additional_device_unverified,low_light,13,13,DON’T KNOW,BLOCKED,,,,,,,,,,,,,,,,,,,,,,,,,,,,,,,,,,,,,,,,,,,,,,,,,,,
additional_device_unverified,low_light,14,14,NO,BLOCKED,,,,,,,,,,,,,,,,,,,,,,,,,,,,,,,,,,,,,,,,,,,,,,,,,,,
additional_device_unverified,low_light,15,15,YES,BLOCKED,,,,,,,,,,,,,,,,,,,,,,,,,,,,,,,,,,,,,,,,,,,,,,,,,,,
additional_device_unverified,low_light,16,16,WRONG,BLOCKED,,,,,,,,,,,,,,,,,,,,,,,,,,,,,,,,,,,,,,,,,,,,,,,,,,,
additional_device_unverified,low_light,17,17,CORRECT,BLOCKED,,,,,,,,,,,,,,,,,,,,,,,,,,,,,,,,,,,,,,,,,,,,,,,,,,,
additional_device_unverified,low_light,18,18,SLOW,BLOCKED,,,,,,,,,,,,,,,,,,,,,,,,,,,,,,,,,,,,,,,,,,,,,,,,,,,
additional_device_unverified,low_light,19,19,FAST,BLOCKED,,,,,,,,,,,,,,,,,,,,,,,,,,,,,,,,,,,,,,,,,,,,,,,,,,,
additional_device_unverified,low_light,20,20,ONE,BLOCKED,,,,,,,,,,,,,,,,,,,,,,,,,,,,,,,,,,,,,,,,,,,,,,,,,,,
additional_device_unverified,low_light,21,21,TWO,BLOCKED,,,,,,,,,,,,,,,,,,,,,,,,,,,,,,,,,,,,,,,,,,,,,,,,,,,
additional_device_unverified,low_light,22,22,THREE,BLOCKED,,,,,,,,,,,,,,,,,,,,,,,,,,,,,,,,,,,,,,,,,,,,,,,,,,,
additional_device_unverified,low_light,23,23,FOUR,BLOCKED,,,,,,,,,,,,,,,,,,,,,,,,,,,,,,,,,,,,,,,,,,,,,,,,,,,
additional_device_unverified,low_light,24,24,FIVE,BLOCKED,,,,,,,,,,,,,,,,,,,,,,,,,,,,,,,,,,,,,,,,,,,,,,,,,,,
additional_device_unverified,low_light,25,49,TODAY,BLOCKED,,,,,,,,,,,,,,,,,,,,,,,,,,,,,,,,,,,,,,,,,,,,,,,,,,,
additional_device_unverified,low_light,26,50,TOMORROW,BLOCKED,,,,,,,,,,,,,,,,,,,,,,,,,,,,,,,,,,,,,,,,,,,,,,,,,,,
additional_device_unverified,low_light,27,51,YESTERDAY,BLOCKED,,,,,,,,,,,,,,,,,,,,,,,,,,,,,,,,,,,,,,,,,,,,,,,,,,,
additional_device_unverified,low_light,28,52,FATHER,BLOCKED,,,,,,,,,,,,,,,,,,,,,,,,,,,,,,,,,,,,,,,,,,,,,,,,,,,
additional_device_unverified,low_light,29,53,MOTHER,BLOCKED,,,,,,,,,,,,,,,,,,,,,,,,,,,,,,,,,,,,,,,,,,,,,,,,,,,
additional_device_unverified,low_light,30,54,SON,BLOCKED,,,,,,,,,,,,,,,,,,,,,,,,,,,,,,,,,,,,,,,,,,,,,,,,,,,
additional_device_unverified,low_light,31,55,DAUGHTER,BLOCKED,,,,,,,,,,,,,,,,,,,,,,,,,,,,,,,,,,,,,,,,,,,,,,,,,,,
additional_device_unverified,low_light,32,56,GRANDFATHER,BLOCKED,,,,,,,,,,,,,,,,,,,,,,,,,,,,,,,,,,,,,,,,,,,,,,,,,,,
additional_device_unverified,low_light,33,57,GRANDMOTHER,BLOCKED,,,,,,,,,,,,,,,,,,,,,,,,,,,,,,,,,,,,,,,,,,,,,,,,,,,
additional_device_unverified,low_light,34,62,BOY,BLOCKED,,,,,,,,,,,,,,,,,,,,,,,,,,,,,,,,,,,,,,,,,,,,,,,,,,,
additional_device_unverified,low_light,35,63,GIRL,BLOCKED,,,,,,,,,,,,,,,,,,,,,,,,,,,,,,,,,,,,,,,,,,,,,,,,,,,
additional_device_unverified,low_light,36,64,MAN,BLOCKED,,,,,,,,,,,,,,,,,,,,,,,,,,,,,,,,,,,,,,,,,,,,,,,,,,,
additional_device_unverified,low_light,37,65,WOMAN,BLOCKED,,,,,,,,,,,,,,,,,,,,,,,,,,,,,,,,,,,,,,,,,,,,,,,,,,,
additional_device_unverified,low_light,38,66,DEAF,BLOCKED,,,,,,,,,,,,,,,,,,,,,,,,,,,,,,,,,,,,,,,,,,,,,,,,,,,
additional_device_unverified,low_light,39,67,HARD OF HEARING,BLOCKED,,,,,,,,,,,,,,,,,,,,,,,,,,,,,,,,,,,,,,,,,,,,,,,,,,,
additional_device_unverified,low_light,40,72,BLUE,BLOCKED,,,,,,,,,,,,,,,,,,,,,,,,,,,,,,,,,,,,,,,,,,,,,,,,,,,
additional_device_unverified,low_light,41,74,RED,BLOCKED,,,,,,,,,,,,,,,,,,,,,,,,,,,,,,,,,,,,,,,,,,,,,,,,,,,
additional_device_unverified,low_light,42,76,BLACK,BLOCKED,,,,,,,,,,,,,,,,,,,,,,,,,,,,,,,,,,,,,,,,,,,,,,,,,,,
additional_device_unverified,low_light,43,77,WHITE,BLOCKED,,,,,,,,,,,,,,,,,,,,,,,,,,,,,,,,,,,,,,,,,,,,,,,,,,,
additional_device_unverified,low_light,44,85,BREAD,BLOCKED,,,,,,,,,,,,,,,,,,,,,,,,,,,,,,,,,,,,,,,,,,,,,,,,,,,
additional_device_unverified,low_light,45,86,EGG,BLOCKED,,,,,,,,,,,,,,,,,,,,,,,,,,,,,,,,,,,,,,,,,,,,,,,,,,,
additional_device_unverified,low_light,46,89,CHICKEN,BLOCKED,,,,,,,,,,,,,,,,,,,,,,,,,,,,,,,,,,,,,,,,,,,,,,,,,,,
additional_device_unverified,low_light,47,91,RICE,BLOCKED,,,,,,,,,,,,,,,,,,,,,,,,,,,,,,,,,,,,,,,,,,,,,,,,,,,
additional_device_unverified,low_light,48,95,HOT,BLOCKED,,,,,,,,,,,,,,,,,,,,,,,,,,,,,,,,,,,,,,,,,,,,,,,,,,,
additional_device_unverified,low_light,49,96,COLD,BLOCKED,,,,,,,,,,,,,,,,,,,,,,,,,,,,,,,,,,,,,,,,,,,,,,,,,,,
additional_device_unverified,cluttered,0,0,GOOD MORNING,BLOCKED,,,,,,,,,,,,,,,,,,,,,,,,,,,,,,,,,,,,,,,,,,,,,,,,,,,
additional_device_unverified,cluttered,1,1,GOOD AFTERNOON,BLOCKED,,,,,,,,,,,,,,,,,,,,,,,,,,,,,,,,,,,,,,,,,,,,,,,,,,,
additional_device_unverified,cluttered,2,2,GOOD EVENING,BLOCKED,,,,,,,,,,,,,,,,,,,,,,,,,,,,,,,,,,,,,,,,,,,,,,,,,,,
additional_device_unverified,cluttered,3,3,HELLO,BLOCKED,,,,,,,,,,,,,,,,,,,,,,,,,,,,,,,,,,,,,,,,,,,,,,,,,,,
additional_device_unverified,cluttered,4,4,HOW ARE YOU,BLOCKED,,,,,,,,,,,,,,,,,,,,,,,,,,,,,,,,,,,,,,,,,,,,,,,,,,,
additional_device_unverified,cluttered,5,5,IM FINE,BLOCKED,,,,,,,,,,,,,,,,,,,,,,,,,,,,,,,,,,,,,,,,,,,,,,,,,,,
additional_device_unverified,cluttered,6,6,NICE TO MEET YOU,BLOCKED,,,,,,,,,,,,,,,,,,,,,,,,,,,,,,,,,,,,,,,,,,,,,,,,,,,
additional_device_unverified,cluttered,7,7,THANK YOU,BLOCKED,,,,,,,,,,,,,,,,,,,,,,,,,,,,,,,,,,,,,,,,,,,,,,,,,,,
additional_device_unverified,cluttered,8,8,YOURE WELCOME,BLOCKED,,,,,,,,,,,,,,,,,,,,,,,,,,,,,,,,,,,,,,,,,,,,,,,,,,,
additional_device_unverified,cluttered,9,9,SEE YOU TOMORROW,BLOCKED,,,,,,,,,,,,,,,,,,,,,,,,,,,,,,,,,,,,,,,,,,,,,,,,,,,
additional_device_unverified,cluttered,10,10,UNDERSTAND,BLOCKED,,,,,,,,,,,,,,,,,,,,,,,,,,,,,,,,,,,,,,,,,,,,,,,,,,,
additional_device_unverified,cluttered,11,11,DON’T UNDERSTAND,BLOCKED,,,,,,,,,,,,,,,,,,,,,,,,,,,,,,,,,,,,,,,,,,,,,,,,,,,
additional_device_unverified,cluttered,12,12,KNOW,BLOCKED,,,,,,,,,,,,,,,,,,,,,,,,,,,,,,,,,,,,,,,,,,,,,,,,,,,
additional_device_unverified,cluttered,13,13,DON’T KNOW,BLOCKED,,,,,,,,,,,,,,,,,,,,,,,,,,,,,,,,,,,,,,,,,,,,,,,,,,,
additional_device_unverified,cluttered,14,14,NO,BLOCKED,,,,,,,,,,,,,,,,,,,,,,,,,,,,,,,,,,,,,,,,,,,,,,,,,,,
additional_device_unverified,cluttered,15,15,YES,BLOCKED,,,,,,,,,,,,,,,,,,,,,,,,,,,,,,,,,,,,,,,,,,,,,,,,,,,
additional_device_unverified,cluttered,16,16,WRONG,BLOCKED,,,,,,,,,,,,,,,,,,,,,,,,,,,,,,,,,,,,,,,,,,,,,,,,,,,
additional_device_unverified,cluttered,17,17,CORRECT,BLOCKED,,,,,,,,,,,,,,,,,,,,,,,,,,,,,,,,,,,,,,,,,,,,,,,,,,,
additional_device_unverified,cluttered,18,18,SLOW,BLOCKED,,,,,,,,,,,,,,,,,,,,,,,,,,,,,,,,,,,,,,,,,,,,,,,,,,,
additional_device_unverified,cluttered,19,19,FAST,BLOCKED,,,,,,,,,,,,,,,,,,,,,,,,,,,,,,,,,,,,,,,,,,,,,,,,,,,
additional_device_unverified,cluttered,20,20,ONE,BLOCKED,,,,,,,,,,,,,,,,,,,,,,,,,,,,,,,,,,,,,,,,,,,,,,,,,,,
additional_device_unverified,cluttered,21,21,TWO,BLOCKED,,,,,,,,,,,,,,,,,,,,,,,,,,,,,,,,,,,,,,,,,,,,,,,,,,,
additional_device_unverified,cluttered,22,22,THREE,BLOCKED,,,,,,,,,,,,,,,,,,,,,,,,,,,,,,,,,,,,,,,,,,,,,,,,,,,
additional_device_unverified,cluttered,23,23,FOUR,BLOCKED,,,,,,,,,,,,,,,,,,,,,,,,,,,,,,,,,,,,,,,,,,,,,,,,,,,
additional_device_unverified,cluttered,24,24,FIVE,BLOCKED,,,,,,,,,,,,,,,,,,,,,,,,,,,,,,,,,,,,,,,,,,,,,,,,,,,
additional_device_unverified,cluttered,25,49,TODAY,BLOCKED,,,,,,,,,,,,,,,,,,,,,,,,,,,,,,,,,,,,,,,,,,,,,,,,,,,
additional_device_unverified,cluttered,26,50,TOMORROW,BLOCKED,,,,,,,,,,,,,,,,,,,,,,,,,,,,,,,,,,,,,,,,,,,,,,,,,,,
additional_device_unverified,cluttered,27,51,YESTERDAY,BLOCKED,,,,,,,,,,,,,,,,,,,,,,,,,,,,,,,,,,,,,,,,,,,,,,,,,,,
additional_device_unverified,cluttered,28,52,FATHER,BLOCKED,,,,,,,,,,,,,,,,,,,,,,,,,,,,,,,,,,,,,,,,,,,,,,,,,,,
additional_device_unverified,cluttered,29,53,MOTHER,BLOCKED,,,,,,,,,,,,,,,,,,,,,,,,,,,,,,,,,,,,,,,,,,,,,,,,,,,
additional_device_unverified,cluttered,30,54,SON,BLOCKED,,,,,,,,,,,,,,,,,,,,,,,,,,,,,,,,,,,,,,,,,,,,,,,,,,,
additional_device_unverified,cluttered,31,55,DAUGHTER,BLOCKED,,,,,,,,,,,,,,,,,,,,,,,,,,,,,,,,,,,,,,,,,,,,,,,,,,,
additional_device_unverified,cluttered,32,56,GRANDFATHER,BLOCKED,,,,,,,,,,,,,,,,,,,,,,,,,,,,,,,,,,,,,,,,,,,,,,,,,,,
additional_device_unverified,cluttered,33,57,GRANDMOTHER,BLOCKED,,,,,,,,,,,,,,,,,,,,,,,,,,,,,,,,,,,,,,,,,,,,,,,,,,,
additional_device_unverified,cluttered,34,62,BOY,BLOCKED,,,,,,,,,,,,,,,,,,,,,,,,,,,,,,,,,,,,,,,,,,,,,,,,,,,
additional_device_unverified,cluttered,35,63,GIRL,BLOCKED,,,,,,,,,,,,,,,,,,,,,,,,,,,,,,,,,,,,,,,,,,,,,,,,,,,
additional_device_unverified,cluttered,36,64,MAN,BLOCKED,,,,,,,,,,,,,,,,,,,,,,,,,,,,,,,,,,,,,,,,,,,,,,,,,,,
additional_device_unverified,cluttered,37,65,WOMAN,BLOCKED,,,,,,,,,,,,,,,,,,,,,,,,,,,,,,,,,,,,,,,,,,,,,,,,,,,
additional_device_unverified,cluttered,38,66,DEAF,BLOCKED,,,,,,,,,,,,,,,,,,,,,,,,,,,,,,,,,,,,,,,,,,,,,,,,,,,
additional_device_unverified,cluttered,39,67,HARD OF HEARING,BLOCKED,,,,,,,,,,,,,,,,,,,,,,,,,,,,,,,,,,,,,,,,,,,,,,,,,,,
additional_device_unverified,cluttered,40,72,BLUE,BLOCKED,,,,,,,,,,,,,,,,,,,,,,,,,,,,,,,,,,,,,,,,,,,,,,,,,,,
additional_device_unverified,cluttered,41,74,RED,BLOCKED,,,,,,,,,,,,,,,,,,,,,,,,,,,,,,,,,,,,,,,,,,,,,,,,,,,
additional_device_unverified,cluttered,42,76,BLACK,BLOCKED,,,,,,,,,,,,,,,,,,,,,,,,,,,,,,,,,,,,,,,,,,,,,,,,,,,
additional_device_unverified,cluttered,43,77,WHITE,BLOCKED,,,,,,,,,,,,,,,,,,,,,,,,,,,,,,,,,,,,,,,,,,,,,,,,,,,
additional_device_unverified,cluttered,44,85,BREAD,BLOCKED,,,,,,,,,,,,,,,,,,,,,,,,,,,,,,,,,,,,,,,,,,,,,,,,,,,
additional_device_unverified,cluttered,45,86,EGG,BLOCKED,,,,,,,,,,,,,,,,,,,,,,,,,,,,,,,,,,,,,,,,,,,,,,,,,,,
additional_device_unverified,cluttered,46,89,CHICKEN,BLOCKED,,,,,,,,,,,,,,,,,,,,,,,,,,,,,,,,,,,,,,,,,,,,,,,,,,,
additional_device_unverified,cluttered,47,91,RICE,BLOCKED,,,,,,,,,,,,,,,,,,,,,,,,,,,,,,,,,,,,,,,,,,,,,,,,,,,
additional_device_unverified,cluttered,48,95,HOT,BLOCKED,,,,,,,,,,,,,,,,,,,,,,,,,,,,,,,,,,,,,,,,,,,,,,,,,,,
additional_device_unverified,cluttered,49,96,COLD,BLOCKED,,,,,,,,,,,,,,,,,,,,,,,,,,,,,,,,,,,,,,,,,,,,,,,,,,,
