candidate_id,condition,class_id,source_class_id,target_label,category,status,setup_id,run_id,attempt_id,signer_code,consent_verified,predicted_class_id,predicted_label,recognized_as_target,outcome,analyzer_to_feedback_ms,ui_ack_upper_bound_ms
redmi_note_11_4gb_candidate,optimal,0,0,GOOD MORNING,GREETING,BLOCKED,,,,,,,,,,,
redmi_note_11_4gb_candidate,optimal,1,1,GOOD AFTERNOON,GREETING,BLOCKED,,,,,,,,,,,
redmi_note_11_4gb_candidate,optimal,2,2,GOOD EVENING,GREETING,BLOCKED,,,,,,,,,,,
redmi_note_11_4gb_candidate,optimal,3,3,HELLO,GREETING,BLOCKED,,,,,,,,,,,
redmi_note_11_4gb_candidate,optimal,4,4,HOW ARE YOU,GREETING,BLOCKED,,,,,,,,,,,
redmi_note_11_4gb_candidate,optimal,5,5,IM FINE,GREETING,BLOCKED,,,,,,,,,,,
redmi_note_11_4gb_candidate,optimal,6,6,NICE TO MEET YOU,GREETING,BLOCKED,,,,,,,,,,,
redmi_note_11_4gb_candidate,optimal,7,7,THANK YOU,GREETING,BLOCKED,,,,,,,,,,,
redmi_note_11_4gb_candidate,optimal,8,8,YOURE WELCOME,GREETING,BLOCKED,,,,,,,,,,,
redmi_note_11_4gb_candidate,optimal,9,9,SEE YOU TOMORROW,GREETING,BLOCKED,,,,,,,,,,,
redmi_note_11_4gb_candidate,optimal,10,10,UNDERSTAND,SURVIVAL,BLOCKED,,,,,,,,,,,
redmi_note_11_4gb_candidate,optimal,11,11,DON’T UNDERSTAND,SURVIVAL,BLOCKED,,,,,,,,,,,
redmi_note_11_4gb_candidate,optimal,12,12,KNOW,SURVIVAL,BLOCKED,,,,,,,,,,,
redmi_note_11_4gb_candidate,optimal,13,13,DON’T KNOW,SURVIVAL,BLOCKED,,,,,,,,,,,
redmi_note_11_4gb_candidate,optimal,14,14,NO,SURVIVAL,BLOCKED,,,,,,,,,,,
redmi_note_11_4gb_candidate,optimal,15,15,YES,SURVIVAL,BLOCKED,,,,,,,,,,,
redmi_note_11_4gb_candidate,optimal,16,16,WRONG,SURVIVAL,BLOCKED,,,,,,,,,,,
redmi_note_11_4gb_candidate,optimal,17,17,CORRECT,SURVIVAL,BLOCKED,,,,,,,,,,,
redmi_note_11_4gb_candidate,optimal,18,18,SLOW,SURVIVAL,BLOCKED,,,,,,,,,,,
redmi_note_11_4gb_candidate,optimal,19,19,FAST,SURVIVAL,BLOCKED,,,,,,,,,,,
redmi_note_11_4gb_candidate,optimal,20,20,ONE,NUMBER,BLOCKED,,,,,,,,,,,
redmi_note_11_4gb_candidate,optimal,21,21,TWO,NUMBER,BLOCKED,,,,,,,,,,,
redmi_note_11_4gb_candidate,optimal,22,22,THREE,NUMBER,BLOCKED,,,,,,,,,,,
redmi_note_11_4gb_candidate,optimal,23,23,FOUR,NUMBER,BLOCKED,,,,,,,,,,,
redmi_note_11_4gb_candidate,optimal,24,24,FIVE,NUMBER,BLOCKED,,,,,,,,,,,
redmi_note_11_4gb_candidate,optimal,25,49,TODAY,DAYS,BLOCKED,,,,,,,,,,,
redmi_note_11_4gb_candidate,optimal,26,50,TOMORROW,DAYS,BLOCKED,,,,,,,,,,,
redmi_note_11_4gb_candidate,optimal,27,51,YESTERDAY,DAYS,BLOCKED,,,,,,,,,,,
redmi_note_11_4gb_candidate,optimal,28,52,FATHER,FAMILY,BLOCKED,,,,,,,,,,,
redmi_note_11_4gb_candidate,optimal,29,53,MOTHER,FAMILY,BLOCKED,,,,,,,,,,,
redmi_note_11_4gb_candidate,optimal,30,54,SON,FAMILY,BLOCKED,,,,,,,,,,,
redmi_note_11_4gb_candidate,optimal,31,55,DAUGHTER,FAMILY,BLOCKED,,,,,,,,,,,
redmi_note_11_4gb_candidate,optimal,32,56,GRANDFATHER,FAMILY,BLOCKED,,,,,,,,,,,
redmi_note_11_4gb_candidate,optimal,33,57,GRANDMOTHER,FAMILY,BLOCKED,,,,,,,,,,,
redmi_note_11_4gb_candidate,optimal,34,62,BOY,RELATIONSHIPS,BLOCKED,,,,,,,,,,,
redmi_note_11_4gb_candidate,optimal,35,63,GIRL,RELATIONSHIPS,BLOCKED,,,,,,,,,,,
redmi_note_11_4gb_candidate,optimal,36,64,MAN,RELATIONSHIPS,BLOCKED,,,,,,,,,,,
redmi_note_11_4gb_candidate,optimal,37,65,WOMAN,RELATIONSHIPS,BLOCKED,,,,,,,,,,,
redmi_note_11_4gb_candidate,optimal,38,66,DEAF,RELATIONSHIPS,BLOCKED,,,,,,,,,,,
redmi_note_11_4gb_candidate,optimal,39,67,HARD OF HEARING,RELATIONSHIPS,BLOCKED,,,,,,,,,,,
redmi_note_11_4gb_candidate,optimal,40,72,BLUE,COLOR,BLOCKED,,,,,,,,,,,
redmi_note_11_4gb_candidate,optimal,41,74,RED,COLOR,BLOCKED,,,,,,,,,,,
redmi_note_11_4gb_candidate,optimal,42,76,BLACK,COLOR,BLOCKED,,,,,,,,,,,
redmi_note_11_4gb_candidate,optimal,43,77,WHITE,COLOR,BLOCKED,,,,,,,,,,,
redmi_note_11_4gb_candidate,optimal,44,85,BREAD,FOOD,BLOCKED,,,,,,,,,,,
redmi_note_11_4gb_candidate,optimal,45,86,EGG,FOOD,BLOCKED,,,,,,,,,,,
redmi_note_11_4gb_candidate,optimal,46,89,CHICKEN,FOOD,BLOCKED,,,,,,,,,,,
redmi_note_11_4gb_candidate,optimal,47,91,RICE,FOOD,BLOCKED,,,,,,,,,,,
redmi_note_11_4gb_candidate,optimal,48,95,HOT,DRINK,BLOCKED,,,,,,,,,,,
redmi_note_11_4gb_candidate,optimal,49,96,COLD,DRINK,BLOCKED,,,,,,,,,,,
redmi_note_11_4gb_candidate,low_light,0,0,GOOD MORNING,GREETING,BLOCKED,,,,,,,,,,,
redmi_note_11_4gb_candidate,low_light,1,1,GOOD AFTERNOON,GREETING,BLOCKED,,,,,,,,,,,
redmi_note_11_4gb_candidate,low_light,2,2,GOOD EVENING,GREETING,BLOCKED,,,,,,,,,,,
redmi_note_11_4gb_candidate,low_light,3,3,HELLO,GREETING,BLOCKED,,,,,,,,,,,
redmi_note_11_4gb_candidate,low_light,4,4,HOW ARE YOU,GREETING,BLOCKED,,,,,,,,,,,
redmi_note_11_4gb_candidate,low_light,5,5,IM FINE,GREETING,BLOCKED,,,,,,,,,,,
redmi_note_11_4gb_candidate,low_light,6,6,NICE TO MEET YOU,GREETING,BLOCKED,,,,,,,,,,,
redmi_note_11_4gb_candidate,low_light,7,7,THANK YOU,GREETING,BLOCKED,,,,,,,,,,,
redmi_note_11_4gb_candidate,low_light,8,8,YOURE WELCOME,GREETING,BLOCKED,,,,,,,,,,,
redmi_note_11_4gb_candidate,low_light,9,9,SEE YOU TOMORROW,GREETING,BLOCKED,,,,,,,,,,,
redmi_note_11_4gb_candidate,low_light,10,10,UNDERSTAND,SURVIVAL,BLOCKED,,,,,,,,,,,
redmi_note_11_4gb_candidate,low_light,11,11,DON’T UNDERSTAND,SURVIVAL,BLOCKED,,,,,,,,,,,
redmi_note_11_4gb_candidate,low_light,12,12,KNOW,SURVIVAL,BLOCKED,,,,,,,,,,,
redmi_note_11_4gb_candidate,low_light,13,13,DON’T KNOW,SURVIVAL,BLOCKED,,,,,,,,,,,
redmi_note_11_4gb_candidate,low_light,14,14,NO,SURVIVAL,BLOCKED,,,,,,,,,,,
redmi_note_11_4gb_candidate,low_light,15,15,YES,SURVIVAL,BLOCKED,,,,,,,,,,,
redmi_note_11_4gb_candidate,low_light,16,16,WRONG,SURVIVAL,BLOCKED,,,,,,,,,,,
redmi_note_11_4gb_candidate,low_light,17,17,CORRECT,SURVIVAL,BLOCKED,,,,,,,,,,,
redmi_note_11_4gb_candidate,low_light,18,18,SLOW,SURVIVAL,BLOCKED,,,,,,,,,,,
redmi_note_11_4gb_candidate,low_light,19,19,FAST,SURVIVAL,BLOCKED,,,,,,,,,,,
redmi_note_11_4gb_candidate,low_light,20,20,ONE,NUMBER,BLOCKED,,,,,,,,,,,
redmi_note_11_4gb_candidate,low_light,21,21,TWO,NUMBER,BLOCKED,,,,,,,,,,,
redmi_note_11_4gb_candidate,low_light,22,22,THREE,NUMBER,BLOCKED,,,,,,,,,,,
redmi_note_11_4gb_candidate,low_light,23,23,FOUR,NUMBER,BLOCKED,,,,,,,,,,,
redmi_note_11_4gb_candidate,low_light,24,24,FIVE,NUMBER,BLOCKED,,,,,,,,,,,
redmi_note_11_4gb_candidate,low_light,25,49,TODAY,DAYS,BLOCKED,,,,,,,,,,,
redmi_note_11_4gb_candidate,low_light,26,50,TOMORROW,DAYS,BLOCKED,,,,,,,,,,,
redmi_note_11_4gb_candidate,low_light,27,51,YESTERDAY,DAYS,BLOCKED,,,,,,,,,,,
redmi_note_11_4gb_candidate,low_light,28,52,FATHER,FAMILY,BLOCKED,,,,,,,,,,,
redmi_note_11_4gb_candidate,low_light,29,53,MOTHER,FAMILY,BLOCKED,,,,,,,,,,,
redmi_note_11_4gb_candidate,low_light,30,54,SON,FAMILY,BLOCKED,,,,,,,,,,,
redmi_note_11_4gb_candidate,low_light,31,55,DAUGHTER,FAMILY,BLOCKED,,,,,,,,,,,
redmi_note_11_4gb_candidate,low_light,32,56,GRANDFATHER,FAMILY,BLOCKED,,,,,,,,,,,
redmi_note_11_4gb_candidate,low_light,33,57,GRANDMOTHER,FAMILY,BLOCKED,,,,,,,,,,,
redmi_note_11_4gb_candidate,low_light,34,62,BOY,RELATIONSHIPS,BLOCKED,,,,,,,,,,,
redmi_note_11_4gb_candidate,low_light,35,63,GIRL,RELATIONSHIPS,BLOCKED,,,,,,,,,,,
redmi_note_11_4gb_candidate,low_light,36,64,MAN,RELATIONSHIPS,BLOCKED,,,,,,,,,,,
redmi_note_11_4gb_candidate,low_light,37,65,WOMAN,RELATIONSHIPS,BLOCKED,,,,,,,,,,,
redmi_note_11_4gb_candidate,low_light,38,66,DEAF,RELATIONSHIPS,BLOCKED,,,,,,,,,,,
redmi_note_11_4gb_candidate,low_light,39,67,HARD OF HEARING,RELATIONSHIPS,BLOCKED,,,,,,,,,,,
redmi_note_11_4gb_candidate,low_light,40,72,BLUE,COLOR,BLOCKED,,,,,,,,,,,
redmi_note_11_4gb_candidate,low_light,41,74,RED,COLOR,BLOCKED,,,,,,,,,,,
redmi_note_11_4gb_candidate,low_light,42,76,BLACK,COLOR,BLOCKED,,,,,,,,,,,
redmi_note_11_4gb_candidate,low_light,43,77,WHITE,COLOR,BLOCKED,,,,,,,,,,,
redmi_note_11_4gb_candidate,low_light,44,85,BREAD,FOOD,BLOCKED,,,,,,,,,,,
redmi_note_11_4gb_candidate,low_light,45,86,EGG,FOOD,BLOCKED,,,,,,,,,,,
redmi_note_11_4gb_candidate,low_light,46,89,CHICKEN,FOOD,BLOCKED,,,,,,,,,,,
redmi_note_11_4gb_candidate,low_light,47,91,RICE,FOOD,BLOCKED,,,,,,,,,,,
redmi_note_11_4gb_candidate,low_light,48,95,HOT,DRINK,BLOCKED,,,,,,,,,,,
redmi_note_11_4gb_candidate,low_light,49,96,COLD,DRINK,BLOCKED,,,,,,,,,,,
redmi_note_11_4gb_candidate,cluttered,0,0,GOOD MORNING,GREETING,BLOCKED,,,,,,,,,,,
redmi_note_11_4gb_candidate,cluttered,1,1,GOOD AFTERNOON,GREETING,BLOCKED,,,,,,,,,,,
redmi_note_11_4gb_candidate,cluttered,2,2,GOOD EVENING,GREETING,BLOCKED,,,,,,,,,,,
redmi_note_11_4gb_candidate,cluttered,3,3,HELLO,GREETING,BLOCKED,,,,,,,,,,,
redmi_note_11_4gb_candidate,cluttered,4,4,HOW ARE YOU,GREETING,BLOCKED,,,,,,,,,,,
redmi_note_11_4gb_candidate,cluttered,5,5,IM FINE,GREETING,BLOCKED,,,,,,,,,,,
redmi_note_11_4gb_candidate,cluttered,6,6,NICE TO MEET YOU,GREETING,BLOCKED,,,,,,,,,,,
redmi_note_11_4gb_candidate,cluttered,7,7,THANK YOU,GREETING,BLOCKED,,,,,,,,,,,
redmi_note_11_4gb_candidate,cluttered,8,8,YOURE WELCOME,GREETING,BLOCKED,,,,,,,,,,,
redmi_note_11_4gb_candidate,cluttered,9,9,SEE YOU TOMORROW,GREETING,BLOCKED,,,,,,,,,,,
redmi_note_11_4gb_candidate,cluttered,10,10,UNDERSTAND,SURVIVAL,BLOCKED,,,,,,,,,,,
redmi_note_11_4gb_candidate,cluttered,11,11,DON’T UNDERSTAND,SURVIVAL,BLOCKED,,,,,,,,,,,
redmi_note_11_4gb_candidate,cluttered,12,12,KNOW,SURVIVAL,BLOCKED,,,,,,,,,,,
redmi_note_11_4gb_candidate,cluttered,13,13,DON’T KNOW,SURVIVAL,BLOCKED,,,,,,,,,,,
redmi_note_11_4gb_candidate,cluttered,14,14,NO,SURVIVAL,BLOCKED,,,,,,,,,,,
redmi_note_11_4gb_candidate,cluttered,15,15,YES,SURVIVAL,BLOCKED,,,,,,,,,,,
redmi_note_11_4gb_candidate,cluttered,16,16,WRONG,SURVIVAL,BLOCKED,,,,,,,,,,,
redmi_note_11_4gb_candidate,cluttered,17,17,CORRECT,SURVIVAL,BLOCKED,,,,,,,,,,,
redmi_note_11_4gb_candidate,cluttered,18,18,SLOW,SURVIVAL,BLOCKED,,,,,,,,,,,
redmi_note_11_4gb_candidate,cluttered,19,19,FAST,SURVIVAL,BLOCKED,,,,,,,,,,,
redmi_note_11_4gb_candidate,cluttered,20,20,ONE,NUMBER,BLOCKED,,,,,,,,,,,
redmi_note_11_4gb_candidate,cluttered,21,21,TWO,NUMBER,BLOCKED,,,,,,,,,,,
redmi_note_11_4gb_candidate,cluttered,22,22,THREE,NUMBER,BLOCKED,,,,,,,,,,,
redmi_note_11_4gb_candidate,cluttered,23,23,FOUR,NUMBER,BLOCKED,,,,,,,,,,,
redmi_note_11_4gb_candidate,cluttered,24,24,FIVE,NUMBER,BLOCKED,,,,,,,,,,,
redmi_note_11_4gb_candidate,cluttered,25,49,TODAY,DAYS,BLOCKED,,,,,,,,,,,
redmi_note_11_4gb_candidate,cluttered,26,50,TOMORROW,DAYS,BLOCKED,,,,,,,,,,,
redmi_note_11_4gb_candidate,cluttered,27,51,YESTERDAY,DAYS,BLOCKED,,,,,,,,,,,
redmi_note_11_4gb_candidate,cluttered,28,52,FATHER,FAMILY,BLOCKED,,,,,,,,,,,
redmi_note_11_4gb_candidate,cluttered,29,53,MOTHER,FAMILY,BLOCKED,,,,,,,,,,,
redmi_note_11_4gb_candidate,cluttered,30,54,SON,FAMILY,BLOCKED,,,,,,,,,,,
redmi_note_11_4gb_candidate,cluttered,31,55,DAUGHTER,FAMILY,BLOCKED,,,,,,,,,,,
redmi_note_11_4gb_candidate,cluttered,32,56,GRANDFATHER,FAMILY,BLOCKED,,,,,,,,,,,
redmi_note_11_4gb_candidate,cluttered,33,57,GRANDMOTHER,FAMILY,BLOCKED,,,,,,,,,,,
redmi_note_11_4gb_candidate,cluttered,34,62,BOY,RELATIONSHIPS,BLOCKED,,,,,,,,,,,
redmi_note_11_4gb_candidate,cluttered,35,63,GIRL,RELATIONSHIPS,BLOCKED,,,,,,,,,,,
redmi_note_11_4gb_candidate,cluttered,36,64,MAN,RELATIONSHIPS,BLOCKED,,,,,,,,,,,
redmi_note_11_4gb_candidate,cluttered,37,65,WOMAN,RELATIONSHIPS,BLOCKED,,,,,,,,,,,
redmi_note_11_4gb_candidate,cluttered,38,66,DEAF,RELATIONSHIPS,BLOCKED,,,,,,,,,,,
redmi_note_11_4gb_candidate,cluttered,39,67,HARD OF HEARING,RELATIONSHIPS,BLOCKED,,,,,,,,,,,
redmi_note_11_4gb_candidate,cluttered,40,72,BLUE,COLOR,BLOCKED,,,,,,,,,,,
redmi_note_11_4gb_candidate,cluttered,41,74,RED,COLOR,BLOCKED,,,,,,,,,,,
redmi_note_11_4gb_candidate,cluttered,42,76,BLACK,COLOR,BLOCKED,,,,,,,,,,,
redmi_note_11_4gb_candidate,cluttered,43,77,WHITE,COLOR,BLOCKED,,,,,,,,,,,
redmi_note_11_4gb_candidate,cluttered,44,85,BREAD,FOOD,BLOCKED,,,,,,,,,,,
redmi_note_11_4gb_candidate,cluttered,45,86,EGG,FOOD,BLOCKED,,,,,,,,,,,
redmi_note_11_4gb_candidate,cluttered,46,89,CHICKEN,FOOD,BLOCKED,,,,,,,,,,,
redmi_note_11_4gb_candidate,cluttered,47,91,RICE,FOOD,BLOCKED,,,,,,,,,,,
redmi_note_11_4gb_candidate,cluttered,48,95,HOT,DRINK,BLOCKED,,,,,,,,,,,
redmi_note_11_4gb_candidate,cluttered,49,96,COLD,DRINK,BLOCKED,,,,,,,,,,,
additional_device_unverified,optimal,0,0,GOOD MORNING,GREETING,BLOCKED,,,,,,,,,,,
additional_device_unverified,optimal,1,1,GOOD AFTERNOON,GREETING,BLOCKED,,,,,,,,,,,
additional_device_unverified,optimal,2,2,GOOD EVENING,GREETING,BLOCKED,,,,,,,,,,,
additional_device_unverified,optimal,3,3,HELLO,GREETING,BLOCKED,,,,,,,,,,,
additional_device_unverified,optimal,4,4,HOW ARE YOU,GREETING,BLOCKED,,,,,,,,,,,
additional_device_unverified,optimal,5,5,IM FINE,GREETING,BLOCKED,,,,,,,,,,,
additional_device_unverified,optimal,6,6,NICE TO MEET YOU,GREETING,BLOCKED,,,,,,,,,,,
additional_device_unverified,optimal,7,7,THANK YOU,GREETING,BLOCKED,,,,,,,,,,,
additional_device_unverified,optimal,8,8,YOURE WELCOME,GREETING,BLOCKED,,,,,,,,,,,
additional_device_unverified,optimal,9,9,SEE YOU TOMORROW,GREETING,BLOCKED,,,,,,,,,,,
additional_device_unverified,optimal,10,10,UNDERSTAND,SURVIVAL,BLOCKED,,,,,,,,,,,
additional_device_unverified,optimal,11,11,DON’T UNDERSTAND,SURVIVAL,BLOCKED,,,,,,,,,,,
additional_device_unverified,optimal,12,12,KNOW,SURVIVAL,BLOCKED,,,,,,,,,,,
additional_device_unverified,optimal,13,13,DON’T KNOW,SURVIVAL,BLOCKED,,,,,,,,,,,
additional_device_unverified,optimal,14,14,NO,SURVIVAL,BLOCKED,,,,,,,,,,,
additional_device_unverified,optimal,15,15,YES,SURVIVAL,BLOCKED,,,,,,,,,,,
additional_device_unverified,optimal,16,16,WRONG,SURVIVAL,BLOCKED,,,,,,,,,,,
additional_device_unverified,optimal,17,17,CORRECT,SURVIVAL,BLOCKED,,,,,,,,,,,
additional_device_unverified,optimal,18,18,SLOW,SURVIVAL,BLOCKED,,,,,,,,,,,
additional_device_unverified,optimal,19,19,FAST,SURVIVAL,BLOCKED,,,,,,,,,,,
additional_device_unverified,optimal,20,20,ONE,NUMBER,BLOCKED,,,,,,,,,,,
additional_device_unverified,optimal,21,21,TWO,NUMBER,BLOCKED,,,,,,,,,,,
additional_device_unverified,optimal,22,22,THREE,NUMBER,BLOCKED,,,,,,,,,,,
additional_device_unverified,optimal,23,23,FOUR,NUMBER,BLOCKED,,,,,,,,,,,
additional_device_unverified,optimal,24,24,FIVE,NUMBER,BLOCKED,,,,,,,,,,,
additional_device_unverified,optimal,25,49,TODAY,DAYS,BLOCKED,,,,,,,,,,,
additional_device_unverified,optimal,26,50,TOMORROW,DAYS,BLOCKED,,,,,,,,,,,
additional_device_unverified,optimal,27,51,YESTERDAY,DAYS,BLOCKED,,,,,,,,,,,
additional_device_unverified,optimal,28,52,FATHER,FAMILY,BLOCKED,,,,,,,,,,,
additional_device_unverified,optimal,29,53,MOTHER,FAMILY,BLOCKED,,,,,,,,,,,
additional_device_unverified,optimal,30,54,SON,FAMILY,BLOCKED,,,,,,,,,,,
additional_device_unverified,optimal,31,55,DAUGHTER,FAMILY,BLOCKED,,,,,,,,,,,
additional_device_unverified,optimal,32,56,GRANDFATHER,FAMILY,BLOCKED,,,,,,,,,,,
additional_device_unverified,optimal,33,57,GRANDMOTHER,FAMILY,BLOCKED,,,,,,,,,,,
additional_device_unverified,optimal,34,62,BOY,RELATIONSHIPS,BLOCKED,,,,,,,,,,,
additional_device_unverified,optimal,35,63,GIRL,RELATIONSHIPS,BLOCKED,,,,,,,,,,,
additional_device_unverified,optimal,36,64,MAN,RELATIONSHIPS,BLOCKED,,,,,,,,,,,
additional_device_unverified,optimal,37,65,WOMAN,RELATIONSHIPS,BLOCKED,,,,,,,,,,,
additional_device_unverified,optimal,38,66,DEAF,RELATIONSHIPS,BLOCKED,,,,,,,,,,,
additional_device_unverified,optimal,39,67,HARD OF HEARING,RELATIONSHIPS,BLOCKED,,,,,,,,,,,
additional_device_unverified,optimal,40,72,BLUE,COLOR,BLOCKED,,,,,,,,,,,
additional_device_unverified,optimal,41,74,RED,COLOR,BLOCKED,,,,,,,,,,,
additional_device_unverified,optimal,42,76,BLACK,COLOR,BLOCKED,,,,,,,,,,,
additional_device_unverified,optimal,43,77,WHITE,COLOR,BLOCKED,,,,,,,,,,,
additional_device_unverified,optimal,44,85,BREAD,FOOD,BLOCKED,,,,,,,,,,,
additional_device_unverified,optimal,45,86,EGG,FOOD,BLOCKED,,,,,,,,,,,
additional_device_unverified,optimal,46,89,CHICKEN,FOOD,BLOCKED,,,,,,,,,,,
additional_device_unverified,optimal,47,91,RICE,FOOD,BLOCKED,,,,,,,,,,,
additional_device_unverified,optimal,48,95,HOT,DRINK,BLOCKED,,,,,,,,,,,
additional_device_unverified,optimal,49,96,COLD,DRINK,BLOCKED,,,,,,,,,,,
additional_device_unverified,low_light,0,0,GOOD MORNING,GREETING,BLOCKED,,,,,,,,,,,
additional_device_unverified,low_light,1,1,GOOD AFTERNOON,GREETING,BLOCKED,,,,,,,,,,,
additional_device_unverified,low_light,2,2,GOOD EVENING,GREETING,BLOCKED,,,,,,,,,,,
additional_device_unverified,low_light,3,3,HELLO,GREETING,BLOCKED,,,,,,,,,,,
additional_device_unverified,low_light,4,4,HOW ARE YOU,GREETING,BLOCKED,,,,,,,,,,,
additional_device_unverified,low_light,5,5,IM FINE,GREETING,BLOCKED,,,,,,,,,,,
additional_device_unverified,low_light,6,6,NICE TO MEET YOU,GREETING,BLOCKED,,,,,,,,,,,
additional_device_unverified,low_light,7,7,THANK YOU,GREETING,BLOCKED,,,,,,,,,,,
additional_device_unverified,low_light,8,8,YOURE WELCOME,GREETING,BLOCKED,,,,,,,,,,,
additional_device_unverified,low_light,9,9,SEE YOU TOMORROW,GREETING,BLOCKED,,,,,,,,,,,
additional_device_unverified,low_light,10,10,UNDERSTAND,SURVIVAL,BLOCKED,,,,,,,,,,,
additional_device_unverified,low_light,11,11,DON’T UNDERSTAND,SURVIVAL,BLOCKED,,,,,,,,,,,
additional_device_unverified,low_light,12,12,KNOW,SURVIVAL,BLOCKED,,,,,,,,,,,
additional_device_unverified,low_light,13,13,DON’T KNOW,SURVIVAL,BLOCKED,,,,,,,,,,,
additional_device_unverified,low_light,14,14,NO,SURVIVAL,BLOCKED,,,,,,,,,,,
additional_device_unverified,low_light,15,15,YES,SURVIVAL,BLOCKED,,,,,,,,,,,
additional_device_unverified,low_light,16,16,WRONG,SURVIVAL,BLOCKED,,,,,,,,,,,
additional_device_unverified,low_light,17,17,CORRECT,SURVIVAL,BLOCKED,,,,,,,,,,,
additional_device_unverified,low_light,18,18,SLOW,SURVIVAL,BLOCKED,,,,,,,,,,,
additional_device_unverified,low_light,19,19,FAST,SURVIVAL,BLOCKED,,,,,,,,,,,
additional_device_unverified,low_light,20,20,ONE,NUMBER,BLOCKED,,,,,,,,,,,
additional_device_unverified,low_light,21,21,TWO,NUMBER,BLOCKED,,,,,,,,,,,
additional_device_unverified,low_light,22,22,THREE,NUMBER,BLOCKED,,,,,,,,,,,
additional_device_unverified,low_light,23,23,FOUR,NUMBER,BLOCKED,,,,,,,,,,,
additional_device_unverified,low_light,24,24,FIVE,NUMBER,BLOCKED,,,,,,,,,,,
additional_device_unverified,low_light,25,49,TODAY,DAYS,BLOCKED,,,,,,,,,,,
additional_device_unverified,low_light,26,50,TOMORROW,DAYS,BLOCKED,,,,,,,,,,,
additional_device_unverified,low_light,27,51,YESTERDAY,DAYS,BLOCKED,,,,,,,,,,,
additional_device_unverified,low_light,28,52,FATHER,FAMILY,BLOCKED,,,,,,,,,,,
additional_device_unverified,low_light,29,53,MOTHER,FAMILY,BLOCKED,,,,,,,,,,,
additional_device_unverified,low_light,30,54,SON,FAMILY,BLOCKED,,,,,,,,,,,
additional_device_unverified,low_light,31,55,DAUGHTER,FAMILY,BLOCKED,,,,,,,,,,,
additional_device_unverified,low_light,32,56,GRANDFATHER,FAMILY,BLOCKED,,,,,,,,,,,
additional_device_unverified,low_light,33,57,GRANDMOTHER,FAMILY,BLOCKED,,,,,,,,,,,
additional_device_unverified,low_light,34,62,BOY,RELATIONSHIPS,BLOCKED,,,,,,,,,,,
additional_device_unverified,low_light,35,63,GIRL,RELATIONSHIPS,BLOCKED,,,,,,,,,,,
additional_device_unverified,low_light,36,64,MAN,RELATIONSHIPS,BLOCKED,,,,,,,,,,,
additional_device_unverified,low_light,37,65,WOMAN,RELATIONSHIPS,BLOCKED,,,,,,,,,,,
additional_device_unverified,low_light,38,66,DEAF,RELATIONSHIPS,BLOCKED,,,,,,,,,,,
additional_device_unverified,low_light,39,67,HARD OF HEARING,RELATIONSHIPS,BLOCKED,,,,,,,,,,,
additional_device_unverified,low_light,40,72,BLUE,COLOR,BLOCKED,,,,,,,,,,,
additional_device_unverified,low_light,41,74,RED,COLOR,BLOCKED,,,,,,,,,,,
additional_device_unverified,low_light,42,76,BLACK,COLOR,BLOCKED,,,,,,,,,,,
additional_device_unverified,low_light,43,77,WHITE,COLOR,BLOCKED,,,,,,,,,,,
additional_device_unverified,low_light,44,85,BREAD,FOOD,BLOCKED,,,,,,,,,,,
additional_device_unverified,low_light,45,86,EGG,FOOD,BLOCKED,,,,,,,,,,,
additional_device_unverified,low_light,46,89,CHICKEN,FOOD,BLOCKED,,,,,,,,,,,
additional_device_unverified,low_light,47,91,RICE,FOOD,BLOCKED,,,,,,,,,,,
additional_device_unverified,low_light,48,95,HOT,DRINK,BLOCKED,,,,,,,,,,,
additional_device_unverified,low_light,49,96,COLD,DRINK,BLOCKED,,,,,,,,,,,
additional_device_unverified,cluttered,0,0,GOOD MORNING,GREETING,BLOCKED,,,,,,,,,,,
additional_device_unverified,cluttered,1,1,GOOD AFTERNOON,GREETING,BLOCKED,,,,,,,,,,,
additional_device_unverified,cluttered,2,2,GOOD EVENING,GREETING,BLOCKED,,,,,,,,,,,
additional_device_unverified,cluttered,3,3,HELLO,GREETING,BLOCKED,,,,,,,,,,,
additional_device_unverified,cluttered,4,4,HOW ARE YOU,GREETING,BLOCKED,,,,,,,,,,,
additional_device_unverified,cluttered,5,5,IM FINE,GREETING,BLOCKED,,,,,,,,,,,
additional_device_unverified,cluttered,6,6,NICE TO MEET YOU,GREETING,BLOCKED,,,,,,,,,,,
additional_device_unverified,cluttered,7,7,THANK YOU,GREETING,BLOCKED,,,,,,,,,,,
additional_device_unverified,cluttered,8,8,YOURE WELCOME,GREETING,BLOCKED,,,,,,,,,,,
additional_device_unverified,cluttered,9,9,SEE YOU TOMORROW,GREETING,BLOCKED,,,,,,,,,,,
additional_device_unverified,cluttered,10,10,UNDERSTAND,SURVIVAL,BLOCKED,,,,,,,,,,,
additional_device_unverified,cluttered,11,11,DON’T UNDERSTAND,SURVIVAL,BLOCKED,,,,,,,,,,,
additional_device_unverified,cluttered,12,12,KNOW,SURVIVAL,BLOCKED,,,,,,,,,,,
additional_device_unverified,cluttered,13,13,DON’T KNOW,SURVIVAL,BLOCKED,,,,,,,,,,,
additional_device_unverified,cluttered,14,14,NO,SURVIVAL,BLOCKED,,,,,,,,,,,
additional_device_unverified,cluttered,15,15,YES,SURVIVAL,BLOCKED,,,,,,,,,,,
additional_device_unverified,cluttered,16,16,WRONG,SURVIVAL,BLOCKED,,,,,,,,,,,
additional_device_unverified,cluttered,17,17,CORRECT,SURVIVAL,BLOCKED,,,,,,,,,,,
additional_device_unverified,cluttered,18,18,SLOW,SURVIVAL,BLOCKED,,,,,,,,,,,
additional_device_unverified,cluttered,19,19,FAST,SURVIVAL,BLOCKED,,,,,,,,,,,
additional_device_unverified,cluttered,20,20,ONE,NUMBER,BLOCKED,,,,,,,,,,,
additional_device_unverified,cluttered,21,21,TWO,NUMBER,BLOCKED,,,,,,,,,,,
additional_device_unverified,cluttered,22,22,THREE,NUMBER,BLOCKED,,,,,,,,,,,
additional_device_unverified,cluttered,23,23,FOUR,NUMBER,BLOCKED,,,,,,,,,,,
additional_device_unverified,cluttered,24,24,FIVE,NUMBER,BLOCKED,,,,,,,,,,,
additional_device_unverified,cluttered,25,49,TODAY,DAYS,BLOCKED,,,,,,,,,,,
additional_device_unverified,cluttered,26,50,TOMORROW,DAYS,BLOCKED,,,,,,,,,,,
additional_device_unverified,cluttered,27,51,YESTERDAY,DAYS,BLOCKED,,,,,,,,,,,
additional_device_unverified,cluttered,28,52,FATHER,FAMILY,BLOCKED,,,,,,,,,,,
additional_device_unverified,cluttered,29,53,MOTHER,FAMILY,BLOCKED,,,,,,,,,,,
additional_device_unverified,cluttered,30,54,SON,FAMILY,BLOCKED,,,,,,,,,,,
additional_device_unverified,cluttered,31,55,DAUGHTER,FAMILY,BLOCKED,,,,,,,,,,,
additional_device_unverified,cluttered,32,56,GRANDFATHER,FAMILY,BLOCKED,,,,,,,,,,,
additional_device_unverified,cluttered,33,57,GRANDMOTHER,FAMILY,BLOCKED,,,,,,,,,,,
additional_device_unverified,cluttered,34,62,BOY,RELATIONSHIPS,BLOCKED,,,,,,,,,,,
additional_device_unverified,cluttered,35,63,GIRL,RELATIONSHIPS,BLOCKED,,,,,,,,,,,
additional_device_unverified,cluttered,36,64,MAN,RELATIONSHIPS,BLOCKED,,,,,,,,,,,
additional_device_unverified,cluttered,37,65,WOMAN,RELATIONSHIPS,BLOCKED,,,,,,,,,,,
additional_device_unverified,cluttered,38,66,DEAF,RELATIONSHIPS,BLOCKED,,,,,,,,,,,
additional_device_unverified,cluttered,39,67,HARD OF HEARING,RELATIONSHIPS,BLOCKED,,,,,,,,,,,
additional_device_unverified,cluttered,40,72,BLUE,COLOR,BLOCKED,,,,,,,,,,,
additional_device_unverified,cluttered,41,74,RED,COLOR,BLOCKED,,,,,,,,,,,
additional_device_unverified,cluttered,42,76,BLACK,COLOR,BLOCKED,,,,,,,,,,,
additional_device_unverified,cluttered,43,77,WHITE,COLOR,BLOCKED,,,,,,,,,,,
additional_device_unverified,cluttered,44,85,BREAD,FOOD,BLOCKED,,,,,,,,,,,
additional_device_unverified,cluttered,45,86,EGG,FOOD,BLOCKED,,,,,,,,,,,
additional_device_unverified,cluttered,46,89,CHICKEN,FOOD,BLOCKED,,,,,,,,,,,
additional_device_unverified,cluttered,47,91,RICE,FOOD,BLOCKED,,,,,,,,,,,
additional_device_unverified,cluttered,48,95,HOT,DRINK,BLOCKED,,,,,,,,,,,
additional_device_unverified,cluttered,49,96,COLD,DRINK,BLOCKED,,,,,,,,,,,
